"(59.0, 382.0)","(78.0, 501.0)","(123.0, 274.0)","(124.0, 589.0)","(231.0, 616.0)","(234.0, 228.0)","(327.0, 561.0)","(331.0, 234.0)","(391.0, 445.0)","(396.0, 332.0)","(396.0, 388.0)"
"(58.0, 382.0)","(76.0, 501.0)","(122.0, 274.0)","(123.0, 589.0)","(231.0, 615.5)","(233.0, 228.0)","(325.0, 561.0)","(329.0, 234.0)","(390.5, 445.0)","(395.0, 332.0)","(395.0, 388.0)"
"(57.0, 382.0)","(76.0, 501.0)","(121.0, 275.0)","(123.0, 589.0)","(230.0, 615.0)","(231.0, 228.0)","(325.0, 561.0)","(329.0, 234.0)","(389.5, 444.0)","(394.0, 332.0)","(394.0, 388.0)"
"(57.0, 383.0)","(76.0, 502.0)","(121.0, 275.5)","(123.0, 589.0)","(229.0, 614.0)","(230.0, 229.0)","(324.0, 561.0)","(327.0, 235.5)","(388.0, 443.0)","(392.0, 332.0)","(393.0, 388.0)"
"(56.0, 383.0)","(75.0, 501.0)","(119.5, 276.0)","(121.0, 589.0)","(228.0, 615.0)","(229.0, 229.0)","(323.0, 561.0)","(325.0, 236.0)","(388.0, 444.0)","(391.5, 332.0)","(392.0, 388.0)"
"(56.0, 383.0)","(74.0, 501.0)","(119.0, 276.0)","(121.0, 589.0)","(228.0, 614.0)","(228.0, 229.5)","(321.0, 561.0)","(325.0, 237.0)","(386.0, 445.0)","(390.0, 333.0)","(391.0, 388.0)"
"(54.0, 383.0)","(74.0, 501.0)","(118.0, 276.0)","(120.0, 589.0)","(227.0, 614.0)","(227.0, 231.0)","(321.0, 561.0)","(324.0, 236.5)","(386.0, 445.0)","(389.5, 333.0)","(390.0, 388.0)"
"(54.0, 383.0)","(72.0, 502.0)","(117.0, 277.0)","(119.0, 589.0)","(226.0, 614.0)","(227.0, 231.0)","(321.0, 561.0)","(323.0, 237.0)","(384.0, 445.0)","(388.0, 333.0)","(390.0, 389.0)"
"(54.0, 383.0)","(72.0, 502.0)","(117.0, 277.0)","(119.0, 589.0)","(225.0, 614.0)","(227.0, 231.5)","(319.0, 561.0)","(323.0, 237.5)","(384.0, 445.0)","(388.0, 334.5)","(388.0, 389.0)"
"(54.0, 385.0)","(72.0, 502.0)","(117.0, 277.0)","(119.0, 588.0)","(225.0, 614.0)","(226.0, 232.0)","(319.0, 561.0)","(322.0, 238.0)","(384.0, 445.0)","(388.0, 334.0)","(388.0, 389.0)"
"(54.0, 385.0)","(72.0, 501.5)","(117.0, 277.0)","(119.0, 589.0)","(225.0, 614.0)","(226.0, 232.5)","(319.0, 561.0)","(321.5, 238.0)","(384.0, 445.0)","(386.0, 334.0)","(388.0, 389.0)"
"(54.0, 385.0)","(72.0, 502.5)","(117.0, 279.0)","(119.0, 589.0)","(225.0, 614.0)","(226.0, 233.0)","(319.0, 561.0)","(322.0, 238.5)","(384.0, 446.0)","(386.5, 335.0)","(388.0, 389.0)"
"(54.0, 385.0)","(72.0, 502.5)","(117.0, 279.0)","(119.0, 589.0)","(225.0, 614.0)","(227.0, 233.0)","(319.0, 562.0)","(321.5, 239.0)","(384.0, 446.0)","(386.5, 335.0)","(388.0, 390.0)"
"(54.0, 385.0)","(72.0, 502.5)","(117.0, 279.0)","(119.0, 589.0)","(225.0, 614.0)","(226.0, 233.0)","(319.0, 561.0)","(321.5, 239.0)","(384.0, 446.0)","(386.5, 335.0)","(388.0, 389.0)"
"(52.0, 385.0)","(72.0, 503.0)","(117.0, 279.0)","(119.0, 589.0)","(225.0, 614.0)","(226.0, 233.0)","(319.0, 562.0)","(321.0, 239.0)","(382.5, 445.0)","(386.0, 334.0)","(388.0, 390.0)"
"(52.0, 385.0)","(72.0, 503.0)","(117.0, 279.0)","(119.0, 589.0)","(225.0, 614.0)","(226.0, 233.0)","(319.0, 561.0)","(321.0, 239.0)","(382.0, 445.0)","(386.0, 334.0)","(388.0, 390.0)"
"(52.0, 385.0)","(72.0, 503.0)","(117.0, 279.0)","(118.5, 589.0)","(225.0, 616.0)","(226.0, 233.0)","(319.0, 561.0)","(321.0, 239.0)","(382.0, 445.0)","(386.0, 334.0)","(387.0, 390.0)"
"(52.0, 385.0)","(72.0, 503.0)","(117.0, 279.0)","(118.5, 589.0)","(225.5, 615.0)","(226.0, 233.0)","(319.0, 561.0)","(321.0, 239.0)","(382.0, 445.0)","(386.0, 334.0)","(387.0, 390.0)"
"(52.0, 385.0)","(72.0, 503.0)","(117.0, 279.0)","(119.0, 589.0)","(225.5, 615.0)","(226.0, 233.0)","(319.0, 561.0)","(322.0, 238.0)","(383.0, 445.0)","(386.0, 334.0)","(388.0, 390.0)"
"(52.0, 385.0)","(72.0, 503.0)","(117.0, 279.0)","(119.0, 589.0)","(225.5, 614.5)","(226.0, 233.0)","(319.0, 561.0)","(322.5, 238.5)","(384.0, 446.0)","(386.5, 335.0)","(388.0, 390.0)"
"(52.0, 384.0)","(72.0, 503.0)","(118.0, 279.0)","(119.0, 589.0)","(225.5, 614.5)","(226.0, 233.0)","(319.0, 561.0)","(323.0, 238.5)","(384.0, 445.0)","(388.0, 334.0)","(388.0, 390.0)"
"(52.0, 384.0)","(72.0, 502.0)","(117.0, 279.0)","(119.0, 589.0)","(225.5, 614.0)","(226.0, 233.0)","(319.0, 561.0)","(322.5, 238.0)","(384.0, 445.0)","(386.5, 334.0)","(388.0, 390.0)"
"(52.0, 383.0)","(72.0, 502.0)","(117.0, 279.0)","(119.0, 589.0)","(225.0, 614.0)","(226.0, 233.0)","(319.0, 561.0)","(322.5, 238.0)","(384.0, 445.0)","(386.5, 334.0)","(388.0, 390.0)"
"(52.0, 384.0)","(71.0, 501.0)","(117.0, 279.0)","(119.0, 588.0)","(225.0, 614.0)","(226.0, 233.0)","(319.0, 561.0)","(322.5, 238.0)","(384.0, 445.0)","(387.5, 334.0)","(388.0, 390.0)"
"(52.0, 384.0)","(71.0, 501.5)","(117.0, 279.0)","(118.5, 587.5)","(225.0, 614.0)","(226.0, 233.0)","(319.0, 561.0)","(322.5, 238.0)","(383.0, 445.0)","(387.0, 334.0)","(388.0, 390.0)"
"(52.0, 384.0)","(70.0, 502.0)","(117.0, 279.0)","(118.0, 587.5)","(224.0, 614.0)","(226.0, 232.5)","(319.0, 561.0)","(322.0, 238.0)","(383.0, 445.0)","(387.0, 334.0)","(388.0, 389.0)"
"(52.0, 384.0)","(70.0, 502.0)","(117.0, 279.0)","(117.0, 587.0)","(223.0, 614.0)","(226.0, 233.0)","(319.0, 562.0)","(321.5, 238.0)","(383.0, 445.0)","(386.0, 334.0)","(388.0, 389.0)"
"(52.0, 384.0)","(70.0, 502.0)","(117.0, 279.0)","(117.0, 587.0)","(223.0, 614.0)","(226.0, 232.0)","(319.0, 562.0)","(321.5, 238.0)","(382.0, 445.0)","(386.5, 334.0)","(388.0, 389.5)"
"(52.0, 384.0)","(68.0, 501.0)","(117.0, 279.0)","(117.0, 587.0)","(223.0, 613.0)","(226.0, 231.0)","(319.0, 562.5)","(323.0, 238.0)","(382.0, 446.0)","(386.0, 334.0)","(387.0, 390.0)"
"(55.0, 384.0)","(68.0, 501.0)","(120.0, 277.5)","(116.0, 585.0)","(223.0, 613.0)","(228.0, 230.0)","(317.0, 561.5)","(323.0, 237.0)","(382.0, 445.0)","(387.5, 334.0)","(386.0, 389.5)"
"(58.0, 384.0)","(68.0, 501.0)","(123.0, 279.0)","(117.0, 585.0)","(222.0, 613.0)","(232.0, 229.0)","(317.0, 561.5)","(327.0, 236.0)","(382.0, 446.0)","(388.0, 335.0)","(388.0, 389.5)"
"(60.0, 385.0)","(67.0, 501.0)","(127.0, 279.0)","(115.0, 585.0)","(221.0, 612.0)","(234.0, 228.5)","(317.0, 562.0)","(329.0, 236.0)","(382.5, 447.0)","(390.0, 336.0)","(388.0, 390.0)"
"(61.0, 384.0)","(66.0, 500.0)","(127.0, 279.0)","(115.0, 583.0)","(221.0, 612.0)","(235.0, 230.0)","(317.0, 562.0)","(330.0, 237.0)","(384.0, 447.0)","(390.0, 336.0)","(389.0, 391.0)"
"(62.0, 383.0)","(64.0, 498.5)","(129.0, 279.0)","(113.0, 582.0)","(220.0, 610.0)","(235.0, 228.0)","(315.0, 562.0)","(331.0, 237.0)","(382.5, 447.0)","(390.5, 336.0)","(390.0, 391.0)"
"(64.0, 383.0)","(63.0, 499.0)","(129.5, 277.0)","(112.0, 581.0)","(219.0, 610.0)","(238.0, 228.0)","(315.0, 562.0)","(333.0, 237.0)","(382.5, 447.5)","(392.0, 336.0)","(390.0, 392.0)"
"(65.0, 383.0)","(62.0, 497.0)","(131.0, 277.0)","(111.0, 581.0)","(219.0, 610.0)","(239.0, 228.0)","(315.0, 562.0)","(333.0, 237.5)","(383.0, 449.0)","(392.0, 337.0)","(390.0, 392.0)"
"(67.0, 383.0)","(62.0, 497.0)","(132.5, 277.0)","(111.0, 581.0)","(218.0, 610.0)","(240.0, 228.0)","(314.0, 562.0)","(335.0, 238.0)","(384.0, 449.0)","(392.5, 338.0)","(390.0, 392.0)"
"(68.0, 381.0)","(60.0, 496.0)","(133.5, 275.0)","(110.0, 578.5)","(217.0, 608.0)","(241.0, 228.0)","(314.0, 562.0)","(335.0, 238.0)","(384.0, 449.0)","(394.0, 337.0)","(390.0, 392.0)"
"(70.0, 379.0)","(59.0, 495.0)","(135.0, 273.0)","(109.0, 579.0)","(215.0, 608.0)","(243.0, 226.0)","(312.0, 562.0)","(337.0, 237.5)","(382.0, 449.0)","(394.0, 338.0)","(390.0, 393.0)"
"(72.0, 377.0)","(56.0, 494.0)","(138.5, 271.0)","(107.0, 577.0)","(214.0, 608.0)","(246.0, 226.0)","(311.0, 562.0)","(339.0, 237.0)","(382.0, 449.0)","(394.0, 340.0)","(390.0, 394.0)"
"(73.0, 375.0)","(56.0, 493.0)","(140.0, 269.0)","(105.0, 576.0)","(212.0, 606.0)","(248.0, 224.0)","(310.0, 561.0)","(340.5, 237.0)","(382.0, 449.0)","(396.0, 340.0)","(391.0, 394.0)"
"(75.0, 371.5)","(53.0, 492.0)","(141.0, 267.0)","(105.0, 574.0)","(211.0, 606.0)","(250.0, 224.0)","(309.0, 561.0)","(343.0, 237.5)","(382.0, 449.0)","(396.0, 340.0)","(392.0, 395.0)"
"(76.0, 369.0)","(52.0, 491.0)","(143.0, 265.0)","(103.0, 573.0)","(209.0, 604.0)","(251.0, 222.0)","(309.0, 561.0)","(345.0, 236.0)","(382.0, 449.0)","(396.5, 340.0)","(392.0, 395.0)"
"(76.0, 368.0)","(48.0, 490.0)","(143.0, 264.5)","(101.0, 571.0)","(209.0, 604.0)","(253.0, 222.0)","(307.0, 560.0)","(345.0, 237.0)","(381.0, 449.5)","(397.0, 341.0)","(391.0, 395.0)"
"(76.0, 367.0)","(46.0, 490.0)","(143.5, 263.0)","(100.0, 571.0)","(207.0, 602.0)","(253.0, 222.0)","(305.0, 560.0)","(347.0, 237.0)","(380.0, 451.0)","(398.0, 340.0)","(391.5, 396.0)"
"(76.0, 367.0)","(44.0, 490.5)","(143.0, 263.0)","(99.0, 571.0)","(207.0, 602.0)","(253.0, 222.0)","(305.0, 560.0)","(346.0, 236.0)","(380.0, 451.0)","(397.0, 341.0)","(391.0, 396.0)"
"(76.0, 367.0)","(42.0, 492.0)","(143.0, 263.0)","(99.0, 571.0)","(206.0, 603.5)","(252.0, 220.5)","(305.0, 560.0)","(345.0, 236.0)","(379.0, 451.0)","(396.0, 340.0)","(390.0, 396.0)"
"(75.0, 367.0)","(41.0, 492.0)","(143.0, 263.0)","(97.0, 571.0)","(205.0, 604.0)","(252.0, 221.5)","(303.0, 560.0)","(345.0, 237.0)","(378.0, 451.0)","(396.0, 340.0)","(389.0, 396.0)"
"(74.0, 367.0)","(40.0, 492.0)","(143.0, 263.0)","(99.0, 571.0)","(205.0, 604.0)","(251.0, 220.0)","(304.0, 559.5)","(345.0, 236.0)","(378.0, 451.0)","(396.0, 340.0)","(390.0, 396.0)"
"(74.0, 367.0)","(41.0, 490.0)","(142.5, 263.0)","(101.5, 567.0)","(207.0, 602.0)","(251.0, 220.5)","(307.0, 561.0)","(344.0, 237.0)","(380.0, 451.0)","(396.0, 340.0)","(390.0, 396.0)"
"(74.0, 367.0)","(41.0, 486.0)","(142.5, 263.0)","(107.0, 561.0)","(211.0, 599.0)","(251.0, 221.0)","(310.0, 559.0)","(344.5, 236.0)","(383.5, 449.0)","(397.0, 340.0)","(392.0, 395.0)"
"(74.0, 367.0)","(41.0, 485.0)","(142.5, 263.0)","(111.0, 556.0)","(215.0, 594.0)","(251.0, 222.0)","(315.0, 557.0)","(345.0, 236.0)","(388.0, 447.0)","(400.0, 337.0)","(396.0, 392.0)"
"(72.0, 367.0)","(39.0, 484.0)","(142.0, 263.5)","(115.0, 550.0)","(220.0, 588.0)","(251.0, 222.0)","(319.0, 552.0)","(345.0, 234.0)","(393.5, 444.0)","(402.0, 334.0)","(400.0, 389.0)"
"(73.0, 367.0)","(37.0, 484.0)","(141.5, 264.5)","(117.0, 545.0)","(223.0, 582.0)","(251.0, 222.0)","(322.0, 548.0)","(345.0, 231.5)","(398.0, 440.0)","(406.0, 330.0)","(404.0, 384.0)"
"(72.0, 367.0)","(35.0, 486.0)","(142.5, 265.0)","(118.0, 544.0)","(225.0, 578.0)","(251.0, 221.0)","(325.0, 543.0)","(345.0, 228.0)","(400.0, 435.0)","(408.0, 325.0)","(407.0, 380.0)"
"(72.0, 367.0)","(35.0, 488.0)","(142.5, 265.0)","(119.0, 543.0)","(227.0, 575.0)","(251.0, 220.0)","(327.0, 540.0)","(345.0, 226.0)","(402.0, 433.0)","(408.0, 322.0)","(408.0, 377.0)"
"(72.0, 367.0)","(36.0, 488.0)","(143.0, 264.0)","(121.0, 543.0)","(229.0, 574.0)","(251.0, 220.0)","(328.0, 538.0)","(345.0, 224.5)","(402.0, 431.0)","(409.0, 321.0)","(409.0, 375.5)"
"(72.0, 365.0)","(37.0, 490.0)","(143.0, 263.0)","(121.0, 543.0)","(229.0, 574.0)","(251.0, 218.0)","(329.0, 538.0)","(345.0, 224.0)","(404.0, 430.0)","(409.0, 319.0)","(409.0, 375.0)"
"(72.0, 365.0)","(37.0, 489.0)","(143.0, 263.0)","(123.0, 541.0)","(231.0, 573.0)","(251.0, 218.0)","(330.0, 538.0)","(345.0, 224.0)","(404.0, 429.0)","(410.0, 319.0)","(409.0, 375.0)"
"(72.0, 364.0)","(37.0, 486.0)","(143.0, 262.5)","(124.0, 537.0)","(231.0, 572.0)","(251.0, 218.0)","(331.0, 537.5)","(345.5, 223.5)","(404.0, 429.0)","(410.0, 319.0)","(410.0, 375.0)"
"(73.0, 363.0)","(37.0, 484.0)","(144.0, 261.0)","(125.0, 531.5)","(232.0, 568.0)","(252.0, 217.0)","(332.0, 537.0)","(347.0, 222.5)","(406.0, 429.0)","(412.0, 318.0)","(412.0, 372.5)"
"(73.0, 362.0)","(37.0, 482.0)","(145.0, 260.0)","(128.0, 526.5)","(233.0, 564.0)","(253.0, 216.0)","(334.0, 534.0)","(349.0, 222.0)","(408.0, 427.0)","(413.0, 317.0)","(414.0, 372.0)"
"(74.0, 361.0)","(37.0, 482.0)","(145.0, 259.0)","(130.0, 522.0)","(237.0, 559.0)","(255.0, 216.0)","(337.0, 530.0)","(349.0, 220.0)","(412.0, 425.0)","(416.0, 314.0)","(417.0, 369.0)"
"(76.0, 359.0)","(37.0, 480.0)","(147.0, 257.0)","(130.0, 517.5)","(238.0, 554.0)","(255.0, 214.0)","(338.5, 526.0)","(350.0, 218.0)","(414.0, 421.0)","(418.0, 310.0)","(419.5, 365.0)"
"(76.0, 357.0)","(34.0, 476.0)","(148.0, 255.5)","(131.0, 509.0)","(236.0, 548.0)","(257.0, 212.0)","(339.0, 522.0)","(351.0, 216.0)","(416.0, 419.0)","(419.5, 308.0)","(420.0, 363.0)"
"(77.0, 355.0)","(32.0, 474.0)","(149.0, 255.0)","(130.0, 501.5)","(237.0, 540.0)","(257.5, 211.0)","(340.0, 519.0)","(352.0, 214.0)","(418.0, 417.0)","(420.0, 307.0)","(422.0, 361.5)"
"(77.0, 353.0)","(31.0, 473.0)","(149.0, 253.0)","(129.0, 495.5)","(239.0, 533.0)","(258.0, 210.0)","(341.0, 514.0)","(353.0, 212.0)","(420.0, 413.0)","(422.0, 302.0)","(424.0, 358.5)"
"(77.0, 353.0)","(31.0, 473.0)","(151.0, 253.0)","(130.0, 493.5)","(239.0, 530.0)","(259.0, 209.5)","(341.0, 511.0)","(353.0, 210.0)","(422.0, 410.0)","(424.0, 300.0)","(426.0, 355.0)"
"(77.0, 351.0)","(31.0, 472.0)","(151.0, 252.0)","(129.0, 490.0)","(239.0, 527.0)","(260.0, 208.0)","(341.0, 509.0)","(354.5, 208.0)","(422.0, 407.0)","(425.5, 297.0)","(428.0, 352.0)"
"(77.0, 350.5)","(29.0, 471.0)","(151.0, 251.0)","(129.0, 486.0)","(239.0, 522.5)","(260.0, 208.0)","(341.0, 506.0)","(355.0, 206.0)","(423.0, 407.0)","(426.0, 296.0)","(428.0, 351.0)"
"(77.0, 349.0)","(29.0, 470.0)","(151.5, 251.0)","(127.0, 480.5)","(239.0, 518.0)","(260.0, 207.0)","(341.0, 504.0)","(356.0, 206.0)","(424.0, 405.0)","(428.0, 295.0)","(430.0, 350.0)"
"(77.0, 347.0)","(23.0, 467.0)","(153.0, 249.5)","(123.0, 471.5)","(232.5, 509.0)","(262.0, 206.0)","(338.0, 499.5)","(357.0, 206.0)","(424.0, 405.0)","(429.0, 294.0)","(432.0, 349.0)"
"(78.0, 347.0)","(17.0, 467.0)","(153.0, 249.0)","(115.0, 456.0)","(228.0, 493.0)","(263.0, 206.0)","(332.0, 493.0)","(357.0, 204.0)","(424.0, 403.0)","(430.0, 293.0)","(432.0, 348.0)"
"(79.0, 345.0)","(17.0, 471.0)","(155.0, 248.5)","(117.0, 458.0)","(229.0, 491.0)","(264.0, 205.5)","(333.0, 488.0)","(358.0, 202.0)","(427.0, 399.0)","(432.0, 289.0)","(436.0, 343.0)"
"(80.0, 345.0)","(19.0, 474.0)","(155.0, 247.0)","(118.5, 462.0)","(231.0, 493.5)","(264.0, 203.0)","(334.0, 486.0)","(359.0, 198.0)","(427.0, 395.0)","(433.0, 284.0)","(436.0, 339.0)"
"(81.0, 344.0)","(19.0, 477.0)","(155.0, 246.5)","(118.0, 463.5)","(231.0, 492.0)","(263.5, 201.0)","(333.0, 485.0)","(358.5, 196.0)","(426.0, 393.0)","(432.0, 283.0)","(434.0, 337.0)"
"(81.0, 343.0)","(17.0, 479.0)","(155.0, 245.0)","(115.0, 460.0)","(229.0, 488.0)","(263.0, 200.0)","(334.0, 482.0)","(359.0, 194.0)","(425.0, 392.0)","(432.0, 281.5)","(434.0, 336.0)"
"(81.0, 343.0)","(15.0, 481.0)","(155.0, 245.0)","(112.0, 458.0)","(227.0, 483.5)","(264.0, 199.0)","(331.0, 478.0)","(357.5, 194.0)","(424.0, 390.0)","(432.0, 279.5)","(434.0, 334.0)"
"(81.0, 343.0)","(15.0, 483.0)","(155.0, 245.0)","(110.0, 458.0)","(227.0, 481.0)","(263.0, 199.0)","(331.0, 476.0)","(357.0, 192.0)","(424.0, 388.0)","(432.0, 278.0)","(434.0, 332.0)"
"(81.0, 343.0)","(15.0, 486.0)","(155.0, 245.0)","(110.5, 460.0)","(227.0, 482.0)","(263.5, 198.0)","(332.0, 476.0)","(357.0, 190.5)","(423.0, 387.0)","(432.0, 276.0)","(434.0, 331.0)"
"(82.0, 342.0)","(15.0, 487.0)","(155.0, 243.5)","(111.0, 461.0)","(227.0, 483.0)","(263.0, 197.5)","(331.0, 475.0)","(357.0, 190.0)","(423.0, 387.0)","(431.0, 277.0)","(432.0, 331.0)"
"(82.0, 341.0)","(16.0, 488.0)","(155.0, 243.5)","(110.0, 461.0)","(227.0, 482.0)","(262.5, 197.0)","(331.0, 474.0)","(357.0, 190.0)","(423.0, 387.0)","(432.0, 276.0)","(432.0, 331.0)"
"(83.0, 341.0)","(16.0, 490.0)","(156.0, 243.5)","(110.0, 460.0)","(227.0, 480.0)","(264.0, 197.0)","(329.0, 474.0)","(357.0, 190.0)","(423.0, 387.0)","(432.0, 277.0)","(432.5, 331.0)"
"(83.0, 341.0)","(17.0, 493.0)","(156.5, 244.0)","(110.0, 462.0)","(227.0, 480.0)","(264.0, 197.0)","(330.0, 472.0)","(357.0, 190.0)","(424.0, 385.0)","(432.0, 275.0)","(433.0, 330.0)"
"(83.0, 341.0)","(19.0, 496.0)","(156.0, 243.0)","(112.0, 465.5)","(229.0, 482.0)","(263.0, 196.0)","(331.0, 472.0)","(357.0, 188.0)","(424.0, 383.0)","(432.0, 273.0)","(434.0, 328.0)"
"(84.0, 341.0)","(20.0, 499.0)","(156.0, 241.5)","(114.0, 468.0)","(231.0, 484.0)","(262.5, 195.0)","(334.0, 472.0)","(357.0, 186.0)","(425.0, 383.0)","(432.0, 273.0)","(434.0, 327.0)"
"(84.0, 340.0)","(24.0, 504.0)","(157.0, 240.0)","(115.0, 472.0)","(234.0, 486.0)","(261.0, 193.5)","(336.0, 472.0)","(357.0, 184.5)","(426.0, 381.0)","(432.0, 270.0)","(434.0, 325.0)"
"(84.0, 340.0)","(26.0, 509.0)","(157.0, 240.0)","(119.0, 474.0)","(236.0, 487.0)","(263.5, 193.0)","(338.5, 472.0)","(357.0, 184.0)","(427.0, 379.0)","(432.0, 269.0)","(435.0, 323.0)"
"(84.0, 340.0)","(28.0, 513.0)","(157.0, 240.0)","(120.0, 477.0)","(236.0, 487.5)","(263.5, 193.0)","(339.0, 472.0)","(357.0, 182.5)","(428.0, 378.0)","(432.0, 267.0)","(436.0, 322.0)"
"(84.0, 340.0)","(30.0, 516.5)","(157.0, 241.0)","(120.0, 477.5)","(239.0, 487.5)","(263.5, 193.0)","(340.5, 472.0)","(357.0, 182.0)","(430.0, 377.0)","(432.0, 267.0)","(436.0, 322.0)"
"(84.0, 341.0)","(32.0, 520.0)","(157.0, 241.0)","(121.0, 478.5)","(239.0, 486.0)","(264.0, 193.0)","(341.0, 472.0)","(357.0, 182.0)","(430.0, 377.0)","(434.0, 267.0)","(436.5, 322.0)"
"(84.0, 341.0)","(33.0, 523.0)","(156.0, 241.0)","(119.0, 477.0)","(237.0, 484.0)","(263.0, 194.0)","(340.0, 470.0)","(357.0, 183.0)","(430.0, 377.0)","(434.0, 267.0)","(437.5, 322.0)"
"(84.0, 341.0)","(34.0, 526.0)","(157.0, 241.0)","(116.0, 474.5)","(235.0, 480.0)","(263.0, 194.0)","(338.0, 468.0)","(357.0, 183.0)","(428.0, 377.0)","(434.0, 267.0)","(438.0, 321.0)"
"(84.0, 341.0)","(34.0, 529.0)","(157.0, 242.0)","(113.0, 473.0)","(233.0, 476.0)","(263.0, 194.0)","(336.0, 466.0)","(356.0, 182.0)","(428.0, 376.0)","(434.0, 265.5)","(436.0, 320.0)"
"(84.0, 341.0)","(34.0, 530.5)","(157.0, 243.0)","(107.0, 471.0)","(228.0, 472.0)","(263.0, 193.0)","(332.0, 462.0)","(356.0, 181.0)","(426.0, 375.0)","(434.0, 265.0)","(436.0, 319.0)"
"(84.0, 341.0)","(33.0, 533.0)","(157.0, 243.0)","(99.0, 467.0)","(220.0, 466.0)","(262.0, 192.5)","(326.0, 458.0)","(356.0, 179.5)","(422.0, 372.0)","(432.0, 263.0)","(434.0, 318.0)"
"(83.0, 341.0)","(32.0, 533.0)","(157.0, 243.0)","(93.0, 464.0)","(213.0, 458.0)","(261.5, 191.0)","(319.0, 453.0)","(355.0, 178.0)","(419.0, 371.0)","(432.0, 262.0)","(432.0, 316.0)"
"(83.0, 341.0)","(33.0, 535.0)","(156.5, 243.0)","(90.5, 462.0)","(211.0, 453.0)","(261.0, 191.0)","(317.0, 450.0)","(354.0, 176.0)","(417.0, 369.0)","(432.0, 259.5)","(432.0, 314.0)"
"(83.0, 341.0)","(35.0, 536.0)","(156.0, 241.0)","(90.0, 463.0)","(211.0, 454.0)","(259.5, 189.0)","(316.5, 449.0)","(353.0, 174.0)","(417.0, 367.0)","(430.0, 257.0)","(430.0, 313.0)"
"(82.0, 341.0)","(36.0, 538.0)","(155.0, 242.5)","(89.5, 463.0)","(209.0, 452.0)","(259.0, 188.0)","(315.0, 447.0)","(352.0, 174.0)","(416.0, 366.0)","(430.0, 257.0)","(430.0, 311.0)"
"(81.0, 341.0)","(38.0, 539.0)","(154.0, 243.0)","(86.0, 462.0)","(207.0, 448.0)","(258.0, 188.0)","(312.0, 444.0)","(351.5, 172.5)","(414.0, 365.0)","(429.0, 255.0)","(429.0, 311.0)"
"(81.0, 340.0)","(41.0, 541.0)","(153.5, 243.0)","(85.0, 462.0)","(205.0, 446.0)","(258.0, 187.0)","(311.0, 442.0)","(351.0, 172.0)","(413.0, 364.0)","(428.0, 255.0)","(428.0, 309.0)"
"(80.0, 340.0)","(45.0, 542.0)","(153.0, 242.5)","(85.0, 462.0)","(205.0, 444.0)","(258.0, 187.0)","(311.0, 442.0)","(350.5, 170.5)","(413.0, 362.0)","(428.0, 253.0)","(428.0, 308.0)"
"(79.0, 340.0)","(47.0, 543.0)","(153.0, 241.5)","(86.0, 461.5)","(205.0, 444.0)","(256.0, 186.0)","(312.0, 440.0)","(349.0, 170.0)","(413.0, 361.0)","(427.5, 252.0)","(428.0, 308.0)"
"(79.0, 340.0)","(51.0, 544.0)","(151.0, 241.0)","(86.0, 461.5)","(205.0, 442.5)","(255.5, 186.0)","(310.5, 440.0)","(348.0, 170.0)","(413.0, 361.0)","(426.0, 251.0)","(427.0, 307.0)"
"(78.0, 339.0)","(53.0, 545.0)","(151.0, 241.0)","(86.0, 463.0)","(205.0, 442.0)","(254.0, 186.0)","(311.5, 440.0)","(347.0, 170.0)","(413.0, 361.0)","(426.0, 251.0)","(427.0, 306.0)"
"(77.0, 339.0)","(56.0, 547.0)","(151.0, 241.0)","(87.0, 463.0)","(205.0, 442.0)","(254.0, 186.0)","(311.0, 440.0)","(347.0, 169.5)","(413.0, 360.0)","(426.0, 251.0)","(427.0, 306.0)"
"(77.0, 339.0)","(58.0, 547.0)","(151.0, 241.0)","(87.5, 463.5)","(206.0, 442.0)","(254.0, 186.0)","(311.0, 439.0)","(347.0, 169.0)","(413.0, 359.0)","(426.0, 250.0)","(427.0, 305.0)"
"(77.0, 339.0)","(61.0, 548.0)","(151.0, 240.0)","(87.5, 464.5)","(206.0, 441.0)","(254.0, 185.5)","(311.0, 438.0)","(347.0, 168.5)","(413.0, 359.0)","(426.0, 249.0)","(427.0, 305.0)"
"(77.0, 338.0)","(62.0, 549.0)","(151.0, 240.0)","(87.0, 464.0)","(205.0, 440.0)","(254.0, 185.5)","(310.0, 437.0)","(347.0, 168.0)","(413.0, 359.0)","(426.0, 249.0)","(427.0, 305.0)"
"(76.5, 337.0)","(63.0, 549.0)","(150.5, 240.5)","(86.0, 464.0)","(204.5, 438.0)","(254.0, 186.0)","(311.0, 436.0)","(347.0, 168.0)","(413.0, 357.0)","(426.0, 249.0)","(427.0, 303.0)"
"(76.0, 337.0)","(63.0, 550.0)","(150.5, 240.0)","(85.5, 464.5)","(203.0, 437.0)","(254.0, 184.0)","(309.0, 434.0)","(347.0, 168.0)","(412.0, 357.0)","(426.0, 248.0)","(427.0, 303.0)"
"(76.0, 337.0)","(64.0, 551.0)","(151.0, 240.0)","(84.0, 465.0)","(202.0, 435.5)","(254.0, 184.0)","(307.0, 432.0)","(347.0, 167.0)","(411.0, 356.0)","(426.0, 248.0)","(426.0, 302.5)"
"(76.0, 337.0)","(65.0, 553.0)","(151.0, 240.0)","(82.0, 466.0)","(200.0, 433.5)","(253.5, 184.0)","(305.0, 430.0)","(346.0, 166.0)","(410.0, 355.0)","(426.0, 247.0)","(426.0, 301.0)"
"(74.5, 337.0)","(67.0, 555.0)","(149.0, 239.0)","(80.5, 468.5)","(198.0, 432.0)","(252.0, 183.0)","(303.0, 428.0)","(345.0, 165.0)","(409.0, 353.0)","(424.0, 245.0)","(424.0, 300.0)"
"(74.0, 337.0)","(68.0, 557.0)","(148.0, 239.0)","(79.0, 469.0)","(195.0, 431.0)","(251.0, 182.0)","(300.0, 426.0)","(343.0, 163.5)","(406.0, 351.0)","(423.5, 243.5)","(422.0, 298.0)"
"(73.0, 337.0)","(70.0, 558.0)","(147.0, 238.0)","(79.0, 469.5)","(193.0, 429.0)","(249.5, 180.0)","(299.0, 424.0)","(342.0, 161.0)","(405.0, 349.0)","(422.0, 242.0)","(421.0, 297.0)"
"(73.0, 337.0)","(73.0, 559.0)","(146.0, 237.0)","(79.0, 471.0)","(193.0, 429.0)","(248.0, 179.0)","(298.0, 422.0)","(341.0, 159.0)","(405.0, 348.0)","(422.0, 239.0)","(421.0, 294.0)"
"(72.0, 336.0)","(74.0, 560.0)","(145.0, 237.0)","(77.0, 472.5)","(191.0, 428.5)","(248.0, 178.0)","(298.0, 422.0)","(340.0, 158.0)","(404.0, 347.0)","(420.0, 237.0)","(420.0, 292.0)"
"(71.0, 336.0)","(74.0, 562.0)","(143.5, 236.0)","(75.0, 473.5)","(189.0, 428.0)","(246.0, 178.0)","(294.0, 420.0)","(339.0, 156.0)","(401.5, 346.0)","(420.0, 236.0)","(419.0, 292.0)"
"(70.0, 336.0)","(74.0, 563.0)","(143.0, 236.0)","(71.0, 475.0)","(184.0, 426.0)","(245.0, 175.5)","(290.0, 418.0)","(337.0, 154.0)","(399.0, 345.0)","(418.0, 235.0)","(417.0, 291.0)"
"(69.0, 335.0)","(74.0, 564.0)","(141.0, 234.5)","(67.5, 476.0)","(180.0, 424.0)","(243.0, 174.0)","(287.0, 416.0)","(337.0, 152.5)","(396.0, 343.0)","(416.0, 233.0)","(415.0, 289.0)"
"(68.0, 334.0)","(74.0, 564.0)","(139.5, 233.0)","(65.0, 477.0)","(176.0, 424.0)","(242.0, 171.5)","(283.0, 414.0)","(335.0, 150.5)","(393.0, 341.0)","(414.0, 232.0)","(412.0, 287.0)"
"(68.0, 333.0)","(76.0, 566.0)","(139.0, 231.0)","(63.0, 480.0)","(172.0, 424.0)","(241.0, 169.5)","(280.0, 412.0)","(333.0, 148.0)","(390.0, 340.0)","(413.0, 231.0)","(410.0, 287.0)"
"(68.0, 331.0)","(76.0, 568.0)","(138.0, 229.0)","(61.0, 483.0)","(168.0, 422.5)","(239.0, 167.0)","(276.0, 410.0)","(332.0, 146.0)","(387.0, 339.0)","(412.0, 229.5)","(407.0, 285.0)"
"(68.0, 329.0)","(78.0, 570.0)","(137.0, 226.0)","(58.5, 486.0)","(163.5, 423.5)","(238.0, 163.5)","(272.0, 408.0)","(332.0, 144.0)","(383.0, 337.0)","(409.5, 228.0)","(404.0, 283.0)"
"(68.0, 327.0)","(80.0, 571.0)","(136.5, 223.0)","(59.0, 487.0)","(162.0, 424.0)","(238.0, 161.0)","(271.0, 408.0)","(331.0, 142.0)","(381.0, 336.0)","(408.0, 227.0)","(403.0, 282.0)"
"(68.0, 325.0)","(84.0, 571.0)","(135.0, 221.0)","(59.0, 488.0)","(162.5, 424.0)","(238.0, 159.0)","(272.0, 408.0)","(331.0, 140.0)","(381.0, 335.0)","(408.0, 227.0)","(402.0, 282.0)"
"(68.0, 323.0)","(86.0, 572.0)","(135.0, 219.0)","(60.0, 489.0)","(163.0, 424.0)","(238.0, 159.0)","(272.0, 408.0)","(331.0, 140.0)","(381.0, 335.0)","(408.0, 227.0)","(402.0, 282.0)"
"(68.0, 321.0)","(89.0, 571.0)","(134.0, 218.0)","(60.5, 490.0)","(162.0, 423.0)","(237.5, 157.0)","(270.0, 407.0)","(331.0, 140.0)","(380.0, 335.0)","(408.0, 227.0)","(402.0, 281.0)"
"(68.0, 321.0)","(91.0, 570.0)","(135.0, 216.0)","(61.0, 490.0)","(160.0, 422.0)","(237.5, 156.0)","(269.5, 406.0)","(331.0, 138.0)","(380.0, 334.0)","(408.0, 226.0)","(402.0, 281.0)"
"(69.0, 319.0)","(93.0, 570.0)","(135.0, 215.0)","(61.0, 491.0)","(160.0, 421.0)","(238.0, 154.0)","(269.0, 406.0)","(331.0, 138.0)","(379.0, 333.0)","(406.0, 225.0)","(401.0, 281.0)"
"(69.0, 319.0)","(97.0, 570.0)","(135.0, 213.0)","(62.5, 491.0)","(160.0, 421.0)","(237.0, 153.5)","(267.0, 406.0)","(331.0, 137.5)","(380.0, 333.0)","(406.0, 225.0)","(401.0, 281.0)"
"(70.0, 317.0)","(100.0, 570.0)","(135.0, 211.0)","(63.0, 493.0)","(159.0, 421.0)","(238.0, 153.0)","(268.0, 405.5)","(331.0, 136.0)","(379.0, 333.0)","(406.0, 225.0)","(400.0, 281.0)"
"(72.0, 316.0)","(102.0, 570.0)","(135.0, 209.0)","(64.0, 493.0)","(159.0, 421.0)","(237.0, 151.0)","(267.0, 404.0)","(331.0, 136.0)","(379.0, 333.0)","(406.0, 224.0)","(400.0, 280.0)"
"(74.0, 315.0)","(104.0, 569.0)","(135.0, 207.0)","(65.0, 493.0)","(159.0, 421.0)","(238.0, 148.0)","(267.0, 405.0)","(331.5, 134.0)","(379.0, 332.0)","(406.0, 224.0)","(400.0, 279.0)"
"(76.0, 314.0)","(106.0, 568.0)","(136.5, 205.0)","(66.0, 493.0)","(160.0, 419.0)","(239.0, 147.0)","(269.0, 404.0)","(333.0, 134.0)","(379.5, 332.0)","(406.0, 223.0)","(400.5, 279.0)"
"(78.0, 313.0)","(109.0, 568.0)","(137.0, 203.0)","(67.5, 493.0)","(161.0, 419.0)","(240.0, 145.0)","(269.0, 402.0)","(333.0, 132.0)","(380.0, 331.0)","(406.0, 222.0)","(401.0, 276.0)"
"(80.0, 311.0)","(110.0, 568.0)","(139.0, 201.0)","(68.0, 493.0)","(160.0, 418.0)","(240.0, 142.0)","(269.0, 402.0)","(334.5, 130.5)","(380.0, 329.0)","(408.0, 220.0)","(401.5, 276.0)"
"(83.0, 309.0)","(111.0, 566.0)","(141.0, 199.0)","(68.0, 493.0)","(160.0, 417.0)","(243.0, 139.0)","(269.0, 400.0)","(335.0, 128.0)","(380.0, 329.0)","(408.0, 219.5)","(402.0, 275.0)"
"(86.0, 307.0)","(113.0, 566.0)","(144.0, 195.0)","(69.5, 492.0)","(161.0, 415.0)","(242.5, 137.0)","(269.0, 398.0)","(337.0, 126.0)","(379.5, 327.0)","(408.0, 217.5)","(402.0, 273.0)"
"(88.0, 306.0)","(114.0, 566.0)","(143.0, 193.0)","(70.0, 492.0)","(160.5, 414.0)","(244.0, 133.5)","(267.0, 396.0)","(336.0, 123.0)","(379.0, 323.0)","(408.0, 215.0)","(402.0, 271.0)"
"(90.0, 304.0)","(115.0, 565.0)","(144.5, 191.0)","(70.0, 492.0)","(160.0, 413.0)","(244.0, 131.0)","(267.0, 394.0)","(336.0, 120.0)","(378.0, 321.0)","(408.0, 212.5)","(401.0, 267.0)"
"(92.0, 303.0)","(116.0, 564.0)","(145.0, 189.0)","(70.5, 492.0)","(160.0, 412.0)","(244.0, 129.0)","(267.0, 392.0)","(337.0, 118.0)","(378.0, 319.0)","(408.0, 211.0)","(400.0, 265.0)"
"(93.0, 303.0)","(118.0, 564.0)","(145.0, 188.5)","(72.0, 493.0)","(160.0, 411.5)","(243.0, 127.0)","(266.0, 390.0)","(337.0, 116.0)","(378.0, 317.0)","(408.0, 209.0)","(400.0, 263.0)"
"(94.0, 301.0)","(120.0, 565.0)","(145.0, 187.0)","(74.0, 493.0)","(159.0, 411.0)","(244.0, 125.0)","(267.0, 390.0)","(337.0, 114.0)","(377.5, 315.0)","(408.0, 207.0)","(400.0, 261.0)"
"(96.0, 301.0)","(121.0, 566.0)","(145.5, 187.0)","(74.0, 494.0)","(160.0, 411.0)","(243.0, 123.0)","(266.0, 388.0)","(337.0, 112.0)","(378.0, 313.0)","(408.0, 205.0)","(400.0, 260.0)"
"(97.0, 301.0)","(122.5, 566.0)","(146.5, 185.0)","(76.0, 495.0)","(161.0, 411.0)","(243.0, 121.0)","(268.0, 388.0)","(337.0, 110.0)","(378.0, 312.0)","(408.0, 203.0)","(400.0, 259.0)"
"(98.0, 299.0)","(124.0, 567.0)","(147.0, 185.0)","(77.0, 496.5)","(161.0, 411.5)","(245.0, 121.0)","(267.0, 386.0)","(339.0, 108.0)","(378.0, 311.0)","(408.0, 203.0)","(401.0, 257.5)"
"(101.0, 299.0)","(127.0, 568.0)","(148.5, 183.0)","(78.0, 497.0)","(162.0, 411.5)","(245.0, 119.0)","(268.0, 386.0)","(339.0, 108.0)","(378.0, 310.0)","(408.0, 201.0)","(401.0, 257.0)"
"(102.0, 299.0)","(128.5, 568.0)","(149.0, 181.5)","(80.0, 498.0)","(163.0, 411.5)","(246.0, 117.0)","(268.0, 385.5)","(340.0, 106.0)","(378.0, 308.0)","(409.0, 199.0)","(402.0, 255.0)"
"(104.0, 297.0)","(131.0, 570.0)","(149.0, 181.0)","(82.0, 499.0)","(163.0, 412.0)","(245.0, 115.5)","(269.0, 385.0)","(340.0, 104.0)","(379.0, 306.0)","(408.0, 196.0)","(401.5, 253.0)"
"(104.0, 298.0)","(133.0, 572.0)","(149.0, 181.0)","(84.0, 501.0)","(164.0, 413.0)","(245.0, 115.0)","(269.0, 384.0)","(340.0, 103.0)","(379.0, 305.0)","(409.0, 196.0)","(402.0, 253.0)"
"(104.0, 299.0)","(136.0, 574.0)","(149.0, 181.0)","(86.0, 503.0)","(164.0, 414.0)","(245.0, 115.0)","(269.0, 384.0)","(340.0, 102.0)","(379.0, 305.0)","(410.0, 196.0)","(402.0, 252.0)"
"(104.0, 299.0)","(138.0, 574.0)","(149.0, 182.0)","(86.5, 504.0)","(165.0, 414.0)","(245.0, 115.0)","(270.0, 384.0)","(340.0, 102.0)","(379.5, 305.0)","(410.0, 196.0)","(402.0, 253.0)"
"(106.0, 299.0)","(138.0, 576.0)","(149.0, 182.0)","(88.0, 505.0)","(166.0, 414.0)","(245.0, 115.0)","(271.0, 385.0)","(340.0, 102.0)","(380.0, 305.0)","(410.0, 196.0)","(403.0, 252.0)"
"(106.0, 299.0)","(138.0, 576.0)","(149.0, 182.0)","(88.0, 505.0)","(167.0, 415.5)","(246.0, 117.0)","(272.0, 385.0)","(340.0, 103.0)","(381.0, 305.0)","(410.0, 196.0)","(403.0, 253.0)"
"(106.0, 299.0)","(137.0, 576.0)","(149.0, 181.0)","(88.0, 505.0)","(167.0, 416.0)","(246.0, 117.0)","(272.0, 385.0)","(341.0, 103.0)","(381.0, 306.0)","(412.0, 196.0)","(404.0, 253.0)"
"(107.0, 298.0)","(136.0, 576.0)","(148.5, 181.0)","(86.0, 505.0)","(166.5, 416.0)","(246.0, 116.5)","(272.0, 386.0)","(341.0, 103.5)","(380.0, 306.0)","(412.0, 196.0)","(403.0, 253.0)"
"(107.0, 297.0)","(134.0, 576.0)","(148.0, 179.0)","(84.0, 506.0)","(165.0, 418.0)","(246.0, 115.0)","(270.0, 386.0)","(340.0, 103.0)","(379.0, 307.0)","(410.0, 196.0)","(402.0, 253.0)"
"(107.0, 297.0)","(130.0, 576.0)","(146.5, 178.5)","(81.0, 507.0)","(162.0, 418.0)","(245.0, 113.0)","(267.0, 386.0)","(339.0, 102.0)","(376.0, 307.0)","(408.0, 197.0)","(400.0, 253.0)"
"(107.0, 296.0)","(126.0, 576.0)","(145.0, 177.0)","(76.0, 507.0)","(157.0, 416.0)","(243.0, 112.0)","(262.0, 386.0)","(338.0, 102.0)","(372.0, 307.0)","(406.0, 198.0)","(396.0, 253.0)"
"(108.0, 295.0)","(121.0, 576.0)","(145.0, 176.0)","(70.0, 506.0)","(152.0, 416.0)","(243.0, 111.0)","(258.0, 385.0)","(337.5, 101.5)","(368.0, 306.0)","(404.0, 199.0)","(394.0, 255.0)"
"(109.0, 295.0)","(117.0, 574.0)","(145.0, 175.5)","(66.0, 505.0)","(147.0, 416.0)","(243.0, 111.0)","(252.0, 384.0)","(337.0, 101.0)","(364.0, 307.0)","(402.0, 200.0)","(390.0, 255.0)"
"(109.0, 297.0)","(113.0, 574.0)","(145.0, 177.0)","(60.0, 505.0)","(141.0, 415.0)","(242.0, 111.0)","(247.0, 383.0)","(337.0, 102.0)","(359.5, 307.0)","(400.0, 201.0)","(387.0, 256.0)"
"(109.0, 297.0)","(109.0, 574.0)","(144.5, 177.0)","(56.0, 505.0)","(137.0, 415.0)","(241.0, 110.0)","(243.0, 383.0)","(336.0, 102.0)","(355.5, 307.0)","(398.0, 202.0)","(384.0, 256.0)"
"(111.0, 297.0)","(106.0, 574.0)","(144.5, 177.0)","(52.0, 507.0)","(131.0, 416.0)","(240.0, 110.0)","(238.0, 383.0)","(335.0, 102.0)","(352.0, 307.0)","(396.0, 204.0)","(381.0, 258.0)"
"(113.0, 299.0)","(104.0, 576.0)","(145.0, 178.0)","(50.0, 507.0)","(129.0, 416.0)","(241.0, 111.0)","(235.0, 383.0)","(335.0, 103.0)","(349.0, 309.0)","(394.0, 204.0)","(379.0, 259.0)"
"(113.0, 299.0)","(102.0, 576.0)","(146.0, 179.0)","(48.0, 509.0)","(127.0, 417.0)","(242.0, 111.0)","(231.0, 383.5)","(335.0, 104.0)","(347.0, 309.0)","(392.0, 207.0)","(377.0, 260.0)"
"(115.0, 301.0)","(101.0, 576.0)","(147.0, 179.0)","(47.0, 511.0)","(124.0, 418.0)","(242.0, 111.0)","(229.0, 383.5)","(336.0, 104.0)","(345.0, 309.0)","(392.0, 207.5)","(375.0, 261.0)"
"(117.0, 301.0)","(100.0, 578.0)","(147.5, 181.0)","(44.0, 513.0)","(121.0, 420.0)","(242.0, 111.0)","(226.0, 384.0)","(335.0, 105.0)","(343.0, 311.0)","(390.0, 209.0)","(373.0, 262.0)"
"(118.0, 301.0)","(100.0, 578.0)","(148.0, 181.0)","(44.0, 515.0)","(118.0, 420.0)","(242.0, 111.0)","(223.0, 385.0)","(336.0, 106.0)","(339.0, 311.0)","(389.0, 211.0)","(371.0, 264.0)"
"(119.0, 302.0)","(100.0, 580.0)","(148.5, 180.5)","(43.0, 517.0)","(116.0, 422.0)","(242.0, 111.0)","(221.0, 385.0)","(336.0, 106.0)","(337.5, 311.0)","(388.0, 211.0)","(369.0, 264.0)"
"(121.0, 302.0)","(101.0, 582.0)","(149.0, 179.5)","(44.0, 518.0)","(116.0, 422.0)","(242.0, 110.0)","(221.0, 385.0)","(336.0, 106.0)","(337.5, 311.0)","(388.0, 211.0)","(369.0, 264.0)"
"(123.0, 303.0)","(104.0, 582.0)","(149.5, 180.0)","(46.0, 521.0)","(116.0, 422.0)","(242.0, 110.0)","(221.0, 385.0)","(336.0, 105.0)","(337.0, 311.0)","(388.0, 211.0)","(369.0, 264.0)"
"(123.0, 303.0)","(107.0, 584.0)","(150.0, 179.0)","(48.0, 523.0)","(117.0, 424.0)","(242.0, 109.0)","(221.0, 385.0)","(336.0, 104.0)","(337.0, 311.0)","(388.0, 210.0)","(369.0, 264.0)"
"(125.0, 303.0)","(110.5, 585.0)","(150.5, 179.0)","(51.0, 525.0)","(118.0, 426.0)","(242.5, 109.0)","(222.0, 385.0)","(336.0, 104.0)","(337.5, 311.0)","(388.0, 210.0)","(369.0, 263.5)"
"(125.0, 303.0)","(113.0, 586.0)","(150.5, 179.0)","(52.0, 526.0)","(118.0, 426.0)","(242.5, 108.0)","(222.0, 385.0)","(336.5, 104.0)","(337.5, 311.0)","(388.0, 210.0)","(369.5, 263.0)"
"(125.0, 303.0)","(117.0, 586.0)","(150.5, 179.0)","(54.0, 526.0)","(119.0, 426.0)","(242.0, 108.0)","(222.0, 385.0)","(336.0, 104.0)","(337.5, 311.0)","(388.0, 209.0)","(369.5, 263.0)"
"(125.0, 303.0)","(119.0, 586.0)","(150.5, 179.0)","(56.0, 527.0)","(119.0, 426.0)","(242.0, 107.5)","(222.0, 385.0)","(337.0, 103.0)","(338.0, 311.0)","(388.0, 209.0)","(369.5, 262.0)"
"(125.0, 303.0)","(123.0, 586.0)","(150.0, 179.0)","(58.0, 528.0)","(119.0, 425.0)","(242.0, 107.0)","(223.0, 384.0)","(335.0, 103.0)","(338.0, 310.0)","(388.0, 209.0)","(369.0, 262.0)"
"(123.0, 302.0)","(127.0, 586.0)","(150.0, 179.0)","(60.5, 530.0)","(119.0, 426.0)","(242.0, 107.0)","(222.0, 384.0)","(335.0, 103.0)","(337.5, 309.0)","(388.0, 208.0)","(369.0, 262.0)"
"(123.0, 302.0)","(131.0, 586.0)","(149.0, 179.0)","(64.0, 531.0)","(119.0, 426.0)","(241.5, 107.0)","(222.0, 383.0)","(335.0, 101.0)","(338.0, 309.0)","(388.0, 208.0)","(369.0, 261.0)"
"(122.0, 301.5)","(137.0, 586.0)","(149.0, 178.0)","(68.0, 533.0)","(119.0, 427.0)","(242.0, 107.0)","(221.0, 382.0)","(335.0, 101.0)","(337.5, 309.0)","(388.0, 207.0)","(369.0, 261.0)"
"(122.0, 301.0)","(142.0, 586.0)","(149.0, 177.5)","(72.0, 535.0)","(119.0, 427.0)","(242.0, 107.0)","(222.0, 381.5)","(335.0, 101.0)","(338.0, 307.0)","(388.0, 207.0)","(369.0, 260.0)"
"(123.0, 301.0)","(149.0, 586.0)","(149.0, 178.0)","(76.0, 536.0)","(121.0, 427.0)","(242.0, 105.5)","(222.0, 381.0)","(335.0, 101.0)","(338.5, 307.0)","(388.0, 207.0)","(369.0, 259.0)"
"(124.0, 301.0)","(155.0, 586.0)","(150.5, 178.0)","(82.0, 537.0)","(122.0, 426.0)","(242.0, 105.5)","(223.0, 379.5)","(335.0, 100.0)","(339.0, 306.0)","(388.0, 205.0)","(370.0, 259.0)"
"(125.0, 301.0)","(161.0, 586.0)","(151.5, 178.0)","(86.0, 538.0)","(123.0, 426.0)","(242.0, 105.0)","(224.0, 378.0)","(335.0, 98.0)","(339.5, 304.0)","(390.0, 203.0)","(371.5, 257.0)"
"(125.0, 301.0)","(168.0, 584.0)","(152.0, 178.0)","(92.0, 537.0)","(127.0, 424.0)","(241.0, 103.5)","(226.0, 376.0)","(334.5, 96.0)","(341.0, 301.0)","(390.0, 200.0)","(373.0, 253.0)"
"(125.0, 301.0)","(174.0, 584.0)","(152.0, 178.0)","(98.0, 535.0)","(131.0, 423.0)","(241.0, 103.0)","(230.0, 372.5)","(334.0, 93.0)","(345.0, 297.0)","(392.0, 196.0)","(375.5, 249.0)"
"(125.0, 301.0)","(182.0, 583.0)","(152.0, 177.5)","(106.0, 533.0)","(137.0, 421.0)","(240.0, 101.0)","(236.0, 370.0)","(333.0, 89.0)","(349.0, 293.0)","(394.0, 190.0)","(379.0, 245.0)"
"(125.0, 301.0)","(187.0, 582.0)","(152.0, 177.0)","(112.0, 531.0)","(145.0, 418.5)","(240.0, 100.0)","(242.0, 367.5)","(331.0, 84.0)","(354.5, 287.5)","(396.0, 183.0)","(383.0, 239.0)"
"(125.0, 301.0)","(193.0, 582.0)","(152.0, 177.0)","(119.5, 529.0)","(151.0, 417.0)","(238.5, 98.5)","(249.0, 364.5)","(332.0, 80.0)","(359.5, 282.0)","(398.0, 177.0)","(386.0, 233.0)"
"(126.0, 301.0)","(198.0, 582.0)","(152.0, 177.0)","(126.0, 527.0)","(159.0, 415.0)","(238.0, 97.0)","(256.0, 363.0)","(330.0, 76.0)","(364.0, 278.0)","(400.0, 171.0)","(389.0, 227.0)"
"(127.0, 301.0)","(202.0, 582.0)","(152.5, 177.0)","(130.0, 525.0)","(165.0, 414.0)","(237.0, 95.0)","(262.0, 361.0)","(329.0, 73.0)","(369.0, 274.5)","(400.0, 166.0)","(392.0, 223.0)"
"(127.0, 301.0)","(204.0, 582.0)","(153.0, 177.0)","(134.0, 524.0)","(171.0, 414.0)","(237.0, 94.5)","(268.0, 361.0)","(329.0, 70.0)","(373.0, 271.0)","(402.0, 162.5)","(395.0, 218.0)"
"(128.0, 301.0)","(204.0, 582.0)","(154.0, 177.0)","(136.0, 523.0)","(172.0, 414.0)","(236.5, 94.5)","(269.5, 360.0)","(329.0, 69.0)","(374.0, 271.0)","(402.0, 161.0)","(396.0, 217.0)"
"(128.0, 301.0)","(203.0, 583.0)","(154.0, 177.5)","(136.0, 524.0)","(173.0, 414.0)","(236.0, 94.5)","(270.0, 361.0)","(329.0, 69.0)","(374.0, 271.0)","(402.0, 161.5)","(395.5, 217.0)"
"(128.0, 301.0)","(203.0, 584.0)","(154.0, 178.0)","(136.0, 525.0)","(173.5, 416.0)","(237.0, 93.0)","(270.5, 361.0)","(329.0, 69.0)","(374.0, 270.0)","(402.0, 161.0)","(396.0, 217.0)"
"(129.0, 301.0)","(202.0, 584.0)","(154.0, 178.0)","(134.0, 525.0)","(173.0, 415.5)","(236.0, 93.0)","(270.0, 361.0)","(327.5, 69.0)","(373.5, 269.0)","(402.0, 161.0)","(395.0, 216.0)"
"(128.0, 301.0)","(201.0, 584.0)","(154.5, 178.0)","(134.0, 525.0)","(174.0, 415.0)","(236.0, 93.0)","(270.0, 361.0)","(327.5, 69.0)","(373.5, 269.0)","(402.0, 159.5)","(395.0, 216.0)"
"(128.0, 302.0)","(199.0, 584.0)","(154.5, 178.0)","(132.5, 525.0)","(174.0, 415.0)","(235.0, 93.0)","(270.0, 361.0)","(327.0, 69.0)","(373.0, 269.0)","(402.0, 160.0)","(395.0, 217.0)"
"(128.0, 302.0)","(197.0, 584.0)","(154.5, 179.0)","(131.5, 523.0)","(173.0, 415.0)","(235.0, 93.0)","(270.0, 361.0)","(327.0, 69.0)","(373.0, 269.0)","(402.0, 160.0)","(394.0, 216.0)"
"(127.0, 303.0)","(194.0, 584.0)","(154.0, 179.0)","(128.5, 523.0)","(173.0, 415.0)","(235.0, 93.5)","(270.0, 361.5)","(327.0, 69.0)","(373.0, 269.0)","(401.0, 159.0)","(394.0, 217.0)"
"(126.0, 301.0)","(190.0, 584.0)","(153.0, 178.0)","(126.0, 521.0)","(173.0, 415.0)","(235.0, 93.5)","(270.5, 361.5)","(327.0, 69.0)","(373.0, 269.0)","(402.0, 159.0)","(395.0, 216.0)"
"(126.0, 300.0)","(183.0, 584.0)","(152.0, 176.0)","(122.0, 518.5)","(172.0, 413.0)","(235.0, 93.0)","(271.0, 362.0)","(327.0, 68.0)","(373.0, 269.0)","(402.0, 160.0)","(395.0, 217.0)"
"(126.0, 299.0)","(177.0, 582.0)","(152.0, 175.0)","(116.0, 515.0)","(172.0, 411.5)","(235.0, 92.0)","(271.0, 363.0)","(327.0, 68.0)","(373.0, 270.0)","(400.0, 161.0)","(394.0, 217.0)"
"(127.0, 298.0)","(168.5, 579.0)","(152.0, 175.0)","(112.0, 508.0)","(171.0, 407.0)","(235.0, 91.0)","(271.0, 362.0)","(328.0, 68.0)","(373.5, 271.0)","(400.5, 161.0)","(395.0, 217.0)"
"(128.0, 299.0)","(163.0, 576.0)","(153.0, 175.0)","(108.0, 501.0)","(169.0, 401.0)","(235.0, 91.5)","(271.0, 360.0)","(328.0, 68.0)","(375.0, 271.0)","(402.0, 160.0)","(396.0, 216.0)"
"(128.0, 300.0)","(158.0, 572.0)","(154.0, 177.0)","(108.0, 494.0)","(170.0, 395.0)","(237.0, 93.0)","(275.0, 355.0)","(327.0, 68.0)","(379.0, 269.5)","(404.0, 159.0)","(398.0, 214.0)"
"(129.0, 303.0)","(154.0, 571.0)","(156.0, 179.0)","(108.5, 488.0)","(174.0, 390.0)","(237.0, 93.0)","(276.5, 352.0)","(327.0, 66.0)","(382.0, 265.0)","(405.5, 155.0)","(401.5, 211.0)"
"(131.0, 307.0)","(151.0, 569.0)","(159.5, 184.0)","(112.0, 485.0)","(179.0, 388.0)","(238.0, 95.5)","(282.0, 350.0)","(327.5, 65.0)","(386.0, 261.0)","(408.0, 151.0)","(404.0, 208.0)"
"(132.0, 310.0)","(148.0, 569.0)","(161.5, 187.0)","(112.0, 482.0)","(182.0, 387.0)","(238.0, 99.0)","(286.0, 350.0)","(327.0, 66.0)","(388.0, 261.0)","(408.0, 149.0)","(406.0, 206.0)"
"(131.5, 313.0)","(147.0, 569.0)","(162.0, 191.0)","(114.0, 481.0)","(184.0, 386.0)","(238.5, 102.0)","(287.0, 351.0)","(327.0, 67.0)","(390.0, 261.0)","(409.0, 150.0)","(408.0, 207.0)"
"(130.0, 319.0)","(145.0, 571.0)","(163.0, 197.0)","(114.5, 481.0)","(185.0, 386.0)","(238.0, 105.0)","(289.0, 350.5)","(325.0, 69.0)","(392.0, 261.0)","(409.0, 149.0)","(409.0, 206.0)"
"(128.0, 323.0)","(143.0, 573.0)","(164.0, 201.5)","(114.0, 481.0)","(185.0, 387.0)","(237.0, 109.0)","(289.0, 351.0)","(324.0, 70.0)","(392.0, 261.0)","(409.0, 149.0)","(409.0, 206.0)"
"(126.0, 326.0)","(142.0, 573.0)","(162.5, 205.0)","(116.0, 481.0)","(185.0, 386.0)","(235.0, 112.0)","(290.0, 351.0)","(322.0, 72.0)","(393.0, 261.0)","(408.0, 150.0)","(409.0, 207.0)"
"(124.0, 329.0)","(141.0, 575.0)","(162.0, 210.0)","(118.0, 481.0)","(189.0, 387.0)","(234.0, 116.0)","(293.0, 351.0)","(320.0, 74.0)","(395.0, 261.0)","(408.0, 150.0)","(410.0, 205.0)"
"(120.0, 335.0)","(141.0, 577.0)","(161.5, 215.0)","(123.0, 482.0)","(195.5, 387.5)","(232.5, 120.0)","(299.0, 352.0)","(317.0, 76.0)","(399.0, 259.0)","(408.0, 148.0)","(411.5, 203.0)"
"(118.0, 337.0)","(141.0, 577.0)","(160.0, 220.0)","(129.0, 481.0)","(203.0, 390.0)","(231.0, 126.0)","(307.0, 354.0)","(315.0, 78.0)","(404.0, 259.0)","(408.0, 145.0)","(414.0, 201.0)"
"(113.0, 342.0)","(143.0, 579.0)","(158.0, 226.0)","(139.0, 482.0)","(216.0, 394.0)","(229.0, 129.0)","(319.0, 357.0)","(311.5, 80.0)","(410.0, 257.0)","(408.0, 143.0)","(417.5, 199.0)"
"(110.0, 346.0)","(145.0, 579.0)","(156.0, 231.0)","(149.0, 483.0)","(232.0, 398.0)","(227.0, 136.0)","(332.0, 360.0)","(309.0, 83.5)","(417.0, 255.0)","(408.0, 141.0)","(420.5, 196.0)"
"(104.0, 351.0)","(146.0, 581.0)","(154.5, 237.0)","(161.5, 485.0)","(248.0, 404.0)","(227.0, 142.0)","(346.5, 363.0)","(307.0, 86.0)","(425.0, 252.0)","(409.0, 139.0)","(424.0, 193.0)"
"(100.0, 356.0)","(148.0, 583.5)","(152.5, 243.0)","(173.0, 489.5)","(262.0, 413.0)","(225.0, 148.5)","(358.0, 366.0)","(305.0, 92.0)","(430.0, 251.0)","(408.5, 139.0)","(426.5, 192.0)"
"(96.0, 360.0)","(148.0, 587.0)","(151.5, 250.0)","(181.0, 495.0)","(271.5, 420.0)","(224.0, 155.5)","(367.0, 369.0)","(302.0, 96.0)","(434.0, 251.0)","(408.0, 140.5)","(428.0, 193.0)"
"(92.0, 363.0)","(148.0, 588.0)","(149.5, 253.0)","(189.0, 499.0)","(281.0, 427.0)","(223.0, 160.0)","(374.0, 372.0)","(301.0, 100.0)","(436.0, 251.0)","(406.5, 141.5)","(428.0, 193.0)"
"(89.0, 367.0)","(148.0, 589.0)","(148.0, 259.0)","(196.0, 504.0)","(291.0, 433.0)","(221.0, 164.0)","(380.0, 373.5)","(300.0, 104.0)","(438.0, 251.0)","(405.0, 143.0)","(428.0, 194.5)"
"(84.0, 372.0)","(146.0, 591.0)","(146.5, 267.0)","(199.0, 509.0)","(294.5, 439.0)","(220.0, 171.0)","(382.0, 377.0)","(297.0, 110.0)","(438.0, 253.0)","(403.5, 145.0)","(428.0, 196.0)"
"(79.0, 376.0)","(142.0, 591.0)","(144.5, 273.0)","(199.0, 511.5)","(296.0, 444.0)","(218.5, 178.0)","(383.0, 381.0)","(293.0, 115.5)","(437.0, 256.0)","(402.0, 149.5)","(426.0, 199.0)"
"(75.0, 380.0)","(138.0, 590.0)","(142.0, 277.0)","(199.0, 513.0)","(297.0, 447.0)","(215.0, 183.5)","(384.0, 384.0)","(291.5, 120.0)","(436.0, 259.0)","(400.0, 153.0)","(426.0, 203.0)"
"(69.0, 384.0)","(136.0, 589.0)","(139.0, 283.0)","(201.0, 516.0)","(299.0, 450.5)","(213.0, 188.5)","(385.0, 387.0)","(289.0, 126.0)","(436.0, 261.0)","(398.0, 156.5)","(424.0, 205.0)"
"(65.0, 386.0)","(134.0, 587.0)","(137.0, 287.0)","(203.0, 519.0)","(302.0, 455.0)","(212.5, 193.0)","(387.0, 389.0)","(287.0, 129.0)","(436.0, 263.0)","(396.0, 159.0)","(422.5, 207.0)"
"(61.0, 388.0)","(130.0, 588.0)","(134.0, 289.0)","(203.0, 522.0)","(302.5, 460.0)","(210.5, 196.0)","(387.0, 393.0)","(286.0, 132.0)","(434.5, 266.0)","(395.0, 162.0)","(422.0, 211.0)"
"(58.0, 388.0)","(126.0, 587.0)","(132.0, 291.0)","(201.0, 526.0)","(301.0, 464.0)","(209.0, 198.0)","(385.0, 397.0)","(285.0, 135.0)","(434.0, 270.0)","(394.0, 165.0)","(420.0, 213.0)"
"(55.5, 390.0)","(123.0, 589.0)","(130.5, 293.0)","(199.0, 528.0)","(301.0, 468.0)","(207.0, 200.0)","(383.0, 401.0)","(283.0, 138.0)","(432.0, 274.0)","(393.0, 169.0)","(419.0, 217.0)"
"(55.0, 390.0)","(120.0, 589.0)","(130.5, 294.5)","(199.0, 532.0)","(301.0, 472.0)","(207.0, 202.0)","(383.0, 404.0)","(283.0, 140.0)","(430.5, 277.0)","(392.0, 171.5)","(418.0, 221.0)"
"(53.0, 391.0)","(117.0, 589.0)","(130.0, 297.0)","(199.0, 536.0)","(300.0, 476.5)","(207.0, 204.0)","(382.5, 407.0)","(283.0, 142.0)","(430.0, 280.0)","(391.0, 175.0)","(418.0, 224.0)"
"(51.5, 391.0)","(114.0, 591.0)","(129.5, 300.0)","(197.0, 540.0)","(299.0, 481.0)","(207.0, 206.0)","(381.0, 411.0)","(283.0, 145.0)","(430.0, 285.0)","(392.0, 179.0)","(418.0, 228.0)"
"(50.0, 392.0)",0,"(129.0, 300.0)","(198.0, 544.0)","(299.0, 485.0)","(207.0, 209.5)","(381.0, 415.0)","(283.0, 147.5)","(428.0, 288.0)","(392.0, 181.5)","(416.0, 231.0)"
"(397.5, 0.5)",0,"(129.0, 301.0)","(199.0, 548.0)","(299.0, 490.0)","(207.0, 210.5)","(380.5, 419.0)","(284.0, 150.0)","(428.0, 291.0)","(392.0, 185.0)","(416.0, 235.0)"
"(46.0, 391.0)","(110.0, 592.0)","(128.5, 302.0)","(197.0, 551.0)","(300.0, 493.0)","(207.0, 211.0)","(381.0, 421.0)","(285.0, 152.0)","(428.0, 295.0)","(392.0, 188.0)","(416.0, 238.0)"
"(44.0, 391.0)","(106.0, 591.0)","(127.5, 301.0)","(195.0, 553.0)","(298.0, 496.0)","(207.0, 212.5)","(379.0, 425.0)","(285.0, 154.0)","(427.0, 298.0)","(393.0, 191.0)","(416.0, 241.0)"
"(42.0, 389.0)","(101.0, 590.0)","(127.0, 301.0)","(192.0, 555.5)","(296.0, 500.0)","(207.0, 213.0)","(377.0, 429.0)","(287.0, 156.0)","(426.0, 302.0)","(392.5, 195.0)","(416.0, 246.0)"
"(41.0, 388.0)","(99.0, 588.0)","(127.0, 301.0)","(191.0, 557.0)","(295.0, 504.0)","(209.0, 213.0)","(376.0, 433.0)","(287.0, 158.0)","(424.0, 308.0)","(394.0, 199.0)","(416.0, 251.0)"
"(41.0, 387.0)","(96.0, 586.0)","(128.0, 300.0)","(189.0, 560.0)","(294.0, 507.0)","(210.0, 214.0)","(375.0, 437.0)","(291.5, 160.0)","(425.0, 313.0)","(396.0, 203.0)","(416.0, 255.0)"
"(42.0, 385.0)","(94.0, 584.0)","(129.0, 299.0)","(187.0, 562.0)","(293.0, 511.0)","(213.0, 214.5)","(374.0, 441.0)","(294.0, 162.0)","(425.5, 316.0)","(397.0, 207.0)","(418.0, 259.0)"
"(42.0, 383.0)","(91.0, 584.0)","(130.0, 299.0)","(186.0, 564.0)","(291.0, 516.0)","(215.0, 215.0)","(373.0, 445.0)","(297.0, 164.0)","(424.0, 321.0)","(399.0, 212.0)","(418.0, 265.0)"
"(42.0, 383.0)","(89.0, 582.0)","(131.0, 299.0)","(184.0, 568.0)","(290.0, 520.0)","(217.0, 217.0)","(373.0, 451.0)","(300.0, 168.0)","(425.0, 325.0)","(401.0, 217.0)","(419.0, 269.5)"
"(42.0, 382.0)","(86.0, 581.0)","(132.0, 299.0)","(182.0, 570.5)","(289.0, 524.0)","(219.0, 219.0)","(371.0, 455.0)","(303.0, 172.0)","(426.0, 332.0)","(401.5, 223.0)","(420.0, 275.0)"
"(42.0, 383.0)","(85.0, 579.0)","(133.0, 300.0)","(179.0, 574.0)","(287.5, 529.0)","(221.0, 221.0)","(369.5, 461.0)","(305.0, 175.5)","(425.0, 339.0)","(404.0, 230.0)","(420.0, 283.0)"
"(42.5, 382.0)","(83.0, 577.0)","(134.5, 301.0)","(178.0, 578.0)","(288.0, 535.0)","(224.0, 223.0)","(370.5, 467.0)","(309.0, 179.5)","(426.0, 346.0)","(406.0, 236.0)","(422.0, 289.0)"
"(43.0, 381.0)","(81.0, 574.0)","(135.0, 301.0)","(176.5, 580.0)","(286.0, 541.0)","(226.0, 225.5)","(369.0, 475.0)","(312.0, 184.0)","(426.0, 353.0)","(408.0, 244.0)","(422.5, 296.0)"
"(44.0, 381.0)","(79.0, 573.0)","(136.5, 302.0)","(175.0, 582.0)","(285.0, 545.0)","(229.0, 228.5)","(369.5, 481.0)","(317.0, 189.0)","(428.0, 360.0)","(410.5, 250.5)","(424.0, 303.0)"
"(44.0, 379.0)","(77.0, 573.0)","(138.0, 301.5)","(174.0, 582.0)","(285.0, 548.0)","(232.0, 230.0)","(370.0, 485.0)","(320.0, 192.5)","(430.0, 365.0)","(413.0, 255.0)","(426.0, 307.0)"
"(46.0, 379.0)","(77.0, 573.0)","(140.0, 301.0)","(173.0, 582.0)","(284.0, 550.0)","(235.0, 231.0)","(371.0, 487.0)","(322.5, 195.0)","(430.0, 369.0)","(415.5, 259.0)","(428.0, 312.0)"
"(47.0, 378.0)","(76.0, 573.0)","(141.0, 299.5)","(172.0, 582.0)","(283.5, 550.0)","(236.0, 231.0)","(371.0, 489.0)","(325.0, 195.5)","(432.0, 369.5)","(417.5, 260.0)","(430.0, 313.0)"
"(48.0, 377.0)","(75.0, 571.0)","(143.0, 299.0)","(171.0, 582.0)","(283.0, 550.0)","(238.0, 231.0)","(371.0, 490.5)","(327.0, 196.0)","(432.0, 371.0)","(418.5, 260.0)","(431.0, 315.0)"
"(49.5, 375.0)","(73.0, 571.0)","(143.0, 297.0)","(169.0, 581.0)","(281.0, 550.0)","(240.0, 230.0)","(369.0, 490.0)","(329.0, 196.0)","(432.0, 372.0)","(419.5, 261.5)","(432.0, 316.0)"
"(51.0, 373.0)","(73.0, 569.0)","(143.5, 294.5)","(169.0, 581.0)","(280.0, 551.0)","(242.0, 228.5)","(369.0, 491.0)","(331.0, 195.5)","(432.0, 373.0)","(421.0, 262.0)","(432.0, 317.0)"
"(52.0, 372.0)","(71.0, 567.0)","(145.0, 291.0)","(166.0, 580.0)","(279.0, 551.5)","(243.0, 226.0)","(367.0, 492.5)","(334.0, 195.5)","(432.0, 375.0)","(422.5, 265.0)","(433.0, 319.0)"
"(54.0, 371.0)","(69.0, 564.0)","(145.0, 289.0)","(164.0, 580.0)","(277.0, 553.0)","(244.0, 225.0)","(367.0, 494.0)","(335.0, 196.0)","(432.0, 377.0)","(423.0, 267.0)","(433.5, 321.0)"
"(56.5, 369.0)","(69.0, 561.0)","(147.0, 287.0)","(162.0, 580.0)","(275.0, 554.0)","(246.0, 223.0)","(366.0, 495.5)","(338.0, 196.0)","(432.0, 379.0)","(425.0, 268.0)","(434.0, 323.0)"
"(59.0, 367.0)","(67.0, 559.0)","(149.0, 283.5)","(161.0, 580.0)","(275.0, 555.0)","(249.0, 222.0)","(365.0, 497.5)","(341.0, 196.0)","(432.0, 382.0)","(426.0, 271.0)","(434.0, 325.0)"
"(62.0, 366.0)","(65.5, 556.0)","(149.0, 281.0)","(159.0, 578.5)","(273.0, 556.0)","(251.0, 221.0)","(363.0, 499.0)","(344.0, 197.0)","(432.0, 384.0)","(427.5, 273.0)","(434.0, 328.0)"
"(65.0, 365.0)","(65.0, 553.0)","(151.0, 277.5)","(158.0, 576.0)","(272.0, 555.5)","(253.0, 219.0)","(363.0, 500.0)","(346.0, 197.0)","(432.0, 385.0)","(428.0, 275.0)","(435.0, 330.0)"
"(67.0, 365.0)","(63.0, 549.0)","(151.0, 277.0)","(155.0, 574.0)","(270.0, 554.5)","(254.0, 219.0)","(362.0, 501.0)","(346.5, 198.0)","(432.0, 387.0)","(429.5, 276.0)","(436.0, 331.0)"
"(70.0, 366.0)","(63.0, 548.0)","(151.0, 275.5)","(155.0, 575.0)","(268.0, 556.0)","(255.0, 218.0)","(360.5, 502.0)","(348.0, 198.0)","(431.0, 389.0)","(430.0, 278.0)","(435.0, 332.0)"
"(72.0, 367.0)","(64.0, 547.0)","(151.0, 275.0)","(154.0, 576.0)","(267.0, 557.0)","(255.0, 219.0)","(360.0, 503.0)","(349.0, 200.0)","(430.0, 390.0)","(430.0, 279.0)","(434.0, 334.0)"
"(72.0, 369.0)","(65.0, 544.0)","(151.0, 276.0)","(153.0, 578.0)","(266.0, 560.0)","(255.0, 219.0)","(359.0, 505.5)","(348.0, 201.5)","(430.0, 393.0)","(428.0, 282.0)","(434.0, 336.5)"
"(74.0, 370.0)","(67.0, 542.0)","(150.5, 275.0)","(150.0, 581.5)","(265.0, 565.0)","(254.0, 219.5)","(357.0, 509.0)","(349.0, 202.5)","(426.0, 395.0)","(427.5, 285.0)","(432.0, 339.0)"
"(76.0, 370.0)","(69.0, 538.0)","(149.5, 274.0)","(150.0, 582.0)","(264.0, 570.0)","(254.0, 219.5)","(356.0, 513.5)","(349.0, 206.0)","(424.0, 401.0)","(426.0, 289.0)","(430.0, 343.5)"
"(76.0, 370.0)","(70.0, 533.0)","(149.0, 274.0)","(147.5, 582.0)","(262.5, 572.0)","(254.0, 220.0)","(355.0, 517.5)","(349.0, 208.0)","(424.0, 404.0)","(425.0, 293.0)","(428.0, 348.0)"
"(78.0, 370.0)","(70.0, 532.0)","(148.0, 271.0)","(145.0, 582.0)","(259.0, 574.0)","(254.0, 221.0)","(352.0, 521.0)","(349.0, 210.0)","(422.0, 407.0)","(424.0, 296.0)","(428.0, 351.0)"
"(80.0, 369.0)","(70.0, 528.0)","(148.0, 269.0)","(143.0, 584.0)","(257.0, 577.5)","(255.0, 220.0)","(350.0, 523.0)","(350.0, 212.0)","(420.0, 411.0)","(424.0, 300.0)","(426.0, 354.0)"
"(82.0, 367.0)","(73.0, 525.5)","(148.0, 266.0)","(142.0, 585.0)","(255.0, 580.0)","(256.0, 219.0)","(348.0, 527.0)","(351.0, 214.0)","(418.0, 413.0)","(423.0, 303.0)","(424.0, 357.0)"
"(375.5, 3.5)",0,"(148.0, 263.0)","(141.0, 585.0)","(255.0, 583.0)","(256.0, 218.0)","(347.0, 529.0)","(351.0, 214.0)","(416.0, 417.0)","(422.0, 306.0)","(423.0, 360.0)"
"(86.0, 363.0)",0,"(148.0, 261.0)","(139.5, 586.0)","(253.0, 585.0)","(258.0, 217.0)","(345.0, 531.0)","(353.0, 216.0)","(416.0, 419.0)","(421.0, 308.0)","(422.0, 362.0)"
"(88.0, 363.0)",0,"(148.0, 259.0)","(139.0, 586.0)","(252.0, 586.5)","(257.5, 216.0)","(345.0, 533.0)","(353.0, 216.0)","(414.0, 419.5)","(420.0, 310.0)","(421.0, 364.0)"
"(91.0, 363.0)",0,"(149.0, 257.5)","(137.5, 588.0)","(250.0, 588.0)","(258.0, 216.0)","(343.0, 534.0)","(352.5, 216.5)","(412.0, 421.0)","(420.0, 310.0)","(420.0, 365.5)"
"(91.0, 364.0)",0,"(149.0, 259.0)","(136.0, 588.0)","(249.0, 590.0)","(257.0, 215.5)","(341.0, 535.0)","(351.5, 218.0)","(412.0, 423.0)","(418.0, 312.0)","(418.0, 367.0)"
"(93.0, 367.0)",0,"(149.0, 259.0)","(135.0, 588.0)","(247.0, 590.0)","(256.0, 215.5)","(341.0, 535.0)","(351.5, 218.0)","(410.0, 423.0)","(417.0, 313.0)","(418.0, 367.0)"
"(93.0, 367.0)",0,"(149.0, 260.0)","(133.0, 589.0)","(246.0, 592.0)","(256.0, 215.5)","(339.0, 536.0)","(351.0, 218.0)","(408.5, 424.0)","(416.0, 314.0)","(416.0, 368.0)"
"(387.5, 4.5)",0,"(149.0, 261.0)","(131.0, 590.0)","(245.0, 593.0)","(256.0, 215.5)","(337.0, 537.0)","(351.0, 218.5)","(407.0, 425.0)","(414.5, 314.0)","(414.0, 369.0)"
"(95.0, 369.0)",0,"(149.0, 261.0)","(131.0, 590.0)","(243.0, 595.0)","(256.0, 215.5)","(335.0, 539.0)","(350.0, 219.5)","(405.0, 427.0)","(414.0, 316.0)","(412.0, 370.0)"
"(95.0, 370.5)",0,"(149.0, 261.0)","(131.0, 590.0)","(243.0, 596.0)","(254.0, 215.5)","(335.0, 539.5)","(349.0, 220.0)","(404.0, 427.0)","(413.0, 316.0)","(412.0, 371.0)"
"(95.0, 370.0)",0,"(147.0, 261.0)","(131.5, 588.0)","(243.0, 596.0)","(254.0, 215.0)","(335.0, 540.0)","(349.0, 218.5)","(404.0, 427.0)","(412.0, 316.0)","(412.0, 370.0)"
"(94.0, 369.0)","(87.0, 508.5)","(147.0, 261.0)","(132.0, 587.0)","(243.0, 596.0)","(254.0, 215.0)","(335.0, 540.0)","(349.0, 218.0)","(404.0, 425.0)","(412.0, 315.0)","(411.0, 370.0)"
"(94.0, 369.0)","(89.5, 504.0)","(148.0, 261.0)","(135.0, 585.0)","(245.0, 597.0)","(254.0, 213.0)","(337.0, 541.0)","(349.0, 217.5)","(404.0, 425.0)","(412.0, 315.0)","(410.5, 370.0)"
"(95.0, 369.0)","(90.0, 501.0)","(148.0, 259.5)","(137.0, 582.0)","(247.0, 596.0)","(254.0, 211.5)","(339.0, 541.0)","(349.0, 216.0)","(404.0, 426.0)","(412.0, 315.0)","(410.0, 369.5)"
"(95.0, 369.0)","(92.0, 498.0)","(149.0, 259.0)","(139.0, 581.0)","(248.0, 596.0)","(255.0, 211.5)","(340.0, 541.0)","(350.5, 216.0)","(406.0, 425.0)","(412.0, 314.0)","(412.0, 368.0)"
"(94.0, 368.0)","(93.0, 497.5)","(148.5, 259.0)","(139.0, 581.0)","(250.5, 596.5)","(256.0, 211.0)","(341.0, 541.0)","(350.5, 216.0)","(406.0, 425.0)","(412.0, 314.0)","(411.0, 368.0)"
"(95.0, 368.0)","(93.0, 496.0)","(149.0, 259.0)","(141.0, 580.0)","(252.0, 596.0)","(255.0, 210.0)","(343.0, 542.0)","(351.0, 216.0)","(407.5, 425.0)","(413.0, 314.0)","(412.0, 368.0)"
"(95.0, 368.0)","(93.5, 495.0)","(149.0, 259.0)","(141.5, 578.0)","(252.0, 595.5)","(255.0, 210.0)","(344.0, 541.0)","(351.0, 216.0)","(408.0, 424.0)","(414.0, 313.0)","(413.0, 368.0)"
"(95.0, 369.0)","(93.0, 494.0)","(149.0, 259.0)","(141.0, 575.0)","(251.0, 594.0)","(255.0, 210.0)","(344.5, 541.0)","(351.0, 216.0)","(408.0, 425.0)","(414.0, 314.0)","(414.0, 368.0)"
"(94.0, 369.0)","(93.0, 494.0)","(149.0, 259.0)","(141.0, 575.0)","(251.0, 594.0)","(256.0, 210.0)","(344.0, 541.5)","(351.0, 216.0)","(408.0, 425.0)","(414.0, 314.0)","(414.0, 368.0)"
"(95.0, 369.0)","(93.0, 493.0)","(149.0, 259.0)","(141.0, 575.0)","(251.0, 594.0)","(256.0, 211.0)","(345.0, 543.0)","(351.0, 216.0)","(408.0, 425.0)","(414.0, 314.0)","(414.0, 369.0)"
"(96.0, 370.0)","(93.0, 493.0)","(149.0, 260.0)","(141.0, 575.0)","(251.0, 594.0)","(256.0, 211.0)","(345.0, 542.0)","(351.0, 216.0)","(409.0, 426.0)","(414.0, 314.0)","(414.0, 369.0)"
"(96.0, 371.0)","(93.0, 493.0)","(151.0, 261.0)","(141.0, 573.0)","(251.0, 594.0)","(256.0, 212.0)","(345.0, 543.0)","(352.0, 216.0)","(410.0, 425.0)","(416.0, 314.0)","(414.0, 369.0)"
"(96.0, 371.0)","(93.0, 492.0)","(151.0, 261.0)","(142.0, 573.0)","(253.0, 592.0)","(258.0, 212.0)","(346.0, 543.0)","(352.5, 216.5)","(410.0, 425.0)","(416.0, 315.0)","(416.0, 369.0)"
"(96.0, 371.0)","(92.5, 492.0)","(153.0, 263.0)","(143.0, 573.0)","(252.0, 593.0)","(258.0, 213.0)","(346.0, 542.0)","(353.5, 216.0)","(411.5, 426.0)","(416.0, 315.0)","(416.0, 369.0)"
"(98.0, 372.0)","(93.0, 492.0)","(153.5, 264.0)","(143.0, 573.0)","(252.0, 592.5)","(260.0, 212.0)","(346.0, 541.5)","(356.0, 216.0)","(412.0, 425.0)","(418.0, 314.0)","(417.0, 369.0)"
"(97.0, 373.0)","(93.0, 490.5)","(155.0, 265.0)","(144.0, 571.0)","(253.0, 592.0)","(261.0, 214.0)","(347.0, 542.0)","(356.0, 216.5)","(412.0, 426.0)","(418.0, 314.0)","(418.0, 369.0)"
"(98.0, 373.0)","(94.5, 489.0)","(156.0, 266.0)","(146.0, 570.0)","(255.0, 592.0)","(261.0, 214.0)","(349.0, 540.0)","(356.5, 216.5)","(414.0, 425.0)","(420.0, 314.0)","(419.0, 369.0)"
"(99.0, 373.0)","(96.0, 487.0)","(157.0, 267.0)","(149.0, 567.0)","(257.0, 590.0)","(263.0, 216.0)","(351.0, 540.5)","(357.0, 218.0)","(416.0, 425.0)","(421.0, 314.0)","(421.0, 368.0)"
"(100.0, 375.0)","(98.0, 484.0)","(160.0, 270.0)","(153.0, 561.0)","(261.0, 587.0)","(264.0, 216.0)","(355.0, 540.0)","(359.0, 218.0)","(420.0, 424.0)","(424.0, 313.0)","(424.0, 367.5)"
"(101.0, 379.0)","(100.0, 480.0)","(164.0, 275.0)","(159.0, 556.0)","(266.0, 582.0)","(268.0, 220.0)","(362.0, 537.0)","(362.0, 218.0)","(426.0, 422.0)","(428.0, 311.0)","(430.0, 366.0)"
"(101.0, 385.0)","(100.0, 476.0)","(170.0, 284.0)","(164.0, 550.0)","(271.0, 576.0)","(273.0, 228.0)","(367.0, 533.5)","(365.0, 220.0)","(434.0, 420.0)","(436.0, 310.0)","(438.0, 364.0)"
"(101.0, 388.0)","(100.0, 474.0)","(173.0, 291.0)","(168.0, 544.0)","(276.0, 570.0)","(275.0, 234.0)","(373.0, 530.0)","(369.0, 222.0)","(442.0, 419.0)","(442.0, 308.0)","(446.0, 362.0)"
"(100.0, 388.0)","(99.5, 474.0)","(174.0, 294.0)","(169.0, 541.5)","(278.0, 565.0)","(277.0, 238.0)","(376.0, 528.0)","(371.0, 225.0)","(448.0, 419.0)","(447.0, 308.0)","(452.0, 362.0)"
"(98.0, 390.0)","(99.0, 475.0)","(175.0, 297.0)","(169.0, 541.0)","(277.0, 565.0)","(277.0, 240.0)","(376.0, 528.0)","(371.0, 226.0)","(448.0, 419.0)","(448.0, 308.0)","(452.0, 362.0)"
"(97.0, 390.0)","(97.5, 474.0)","(175.5, 298.0)","(169.0, 541.0)","(277.0, 564.0)","(278.0, 241.0)","(375.0, 528.0)","(371.0, 226.0)","(448.0, 418.0)","(448.0, 308.0)","(452.0, 362.0)"
"(97.0, 388.0)","(97.0, 474.0)","(177.0, 298.0)","(169.0, 541.0)","(276.5, 564.0)","(279.0, 240.0)","(376.0, 528.0)","(373.0, 226.0)","(448.0, 419.0)","(448.0, 308.0)","(452.0, 363.0)"
"(97.0, 386.0)","(97.0, 474.0)","(177.0, 297.5)","(167.0, 541.0)","(276.0, 564.0)","(280.0, 240.0)","(375.0, 528.0)","(373.0, 226.0)","(448.0, 419.0)","(450.0, 308.0)","(453.0, 363.0)"
"(92.0, 386.0)","(95.0, 473.0)","(176.0, 299.0)","(167.0, 539.0)","(275.0, 564.0)","(278.0, 243.0)","(375.0, 528.0)","(371.0, 227.0)","(448.0, 419.0)","(448.0, 309.0)","(453.0, 363.0)"
"(89.0, 386.0)","(94.5, 472.0)","(175.0, 301.0)","(165.0, 537.0)","(274.0, 562.0)","(277.0, 245.0)","(374.0, 527.0)","(370.0, 228.0)","(448.0, 419.0)","(448.0, 309.0)","(453.0, 363.0)"
"(87.0, 386.0)","(93.0, 470.0)","(174.0, 303.0)","(165.0, 535.0)","(273.0, 561.0)","(278.0, 246.0)","(373.0, 527.0)","(370.0, 229.0)","(448.0, 419.0)","(448.0, 309.0)","(452.0, 364.0)"
"(82.0, 384.0)","(91.0, 470.0)","(173.0, 305.0)","(163.0, 534.5)","(271.0, 560.0)","(276.0, 248.0)","(371.0, 527.0)","(367.0, 230.0)","(448.0, 419.0)","(447.0, 310.0)","(452.0, 364.0)"
"(77.0, 384.0)","(89.0, 469.0)","(170.0, 307.0)","(163.0, 533.0)","(271.0, 560.0)","(274.0, 251.0)","(371.0, 526.0)","(365.0, 232.0)","(448.0, 419.0)","(446.0, 310.0)","(452.0, 364.0)"
"(73.0, 382.0)","(87.0, 469.0)","(169.0, 308.0)","(161.0, 531.0)","(270.0, 558.0)","(272.0, 253.0)","(370.5, 527.0)","(364.0, 233.0)","(448.0, 420.5)","(446.0, 310.0)","(452.0, 364.0)"
"(69.0, 379.0)","(84.0, 470.0)","(167.0, 309.0)","(159.0, 531.0)","(269.0, 557.0)","(271.0, 255.0)","(369.0, 525.5)","(363.0, 234.0)","(447.0, 420.0)","(445.0, 310.0)","(452.0, 364.0)"
"(66.0, 377.0)","(81.0, 468.0)","(165.0, 309.5)","(159.0, 529.0)","(268.0, 556.0)","(270.0, 256.0)","(369.0, 525.0)","(362.0, 235.0)","(446.0, 419.0)","(444.5, 310.0)","(451.5, 364.0)"
"(62.0, 375.0)","(79.0, 468.0)","(164.5, 310.5)","(158.0, 527.0)","(267.0, 554.0)","(268.0, 257.0)","(368.0, 524.0)","(361.0, 236.0)","(446.0, 420.0)","(444.0, 310.0)","(450.0, 364.0)"
"(59.0, 373.0)","(77.0, 469.0)","(163.0, 310.5)","(156.0, 526.0)","(267.0, 554.0)","(268.0, 258.0)","(367.0, 524.0)","(361.0, 237.0)","(446.0, 421.0)","(444.0, 311.0)","(450.0, 365.0)"
"(56.0, 369.0)","(75.0, 468.0)","(161.0, 311.0)","(155.0, 525.0)","(265.0, 552.0)","(268.0, 260.0)","(367.0, 524.0)","(359.0, 238.0)","(446.0, 421.0)","(443.0, 312.0)","(450.0, 365.0)"
"(53.0, 367.0)","(73.0, 470.0)","(159.0, 310.5)","(154.0, 523.0)","(264.0, 550.0)","(266.0, 261.0)","(366.0, 524.0)","(357.0, 239.5)","(446.0, 421.0)","(442.0, 311.5)","(450.0, 365.0)"
"(48.0, 364.0)","(71.0, 472.0)","(156.5, 310.0)","(153.0, 524.0)","(263.0, 550.0)","(264.0, 263.0)","(365.0, 524.0)","(357.0, 240.5)","(445.0, 421.0)","(441.5, 313.0)","(450.0, 366.0)"
"(46.0, 362.0)","(69.0, 472.0)","(154.5, 310.0)","(153.0, 523.0)","(263.0, 550.0)","(262.0, 263.0)","(364.0, 524.0)","(355.0, 242.0)","(444.0, 421.0)","(440.0, 313.0)","(448.0, 366.0)"
"(42.0, 359.0)","(67.0, 475.0)","(153.0, 310.0)","(153.0, 523.0)","(263.0, 550.0)","(262.0, 264.0)","(365.0, 524.0)","(354.5, 243.0)","(444.0, 422.0)","(439.0, 313.0)","(448.0, 366.0)"
"(38.0, 356.0)","(66.0, 478.0)","(151.0, 310.0)","(152.0, 525.0)","(263.0, 550.0)","(260.0, 265.5)","(363.0, 524.0)","(353.0, 244.0)","(444.0, 421.0)","(438.5, 313.0)","(448.0, 366.0)"
"(36.0, 352.0)","(64.5, 479.0)","(151.0, 308.0)","(153.0, 524.0)","(263.0, 550.0)","(260.0, 266.0)","(364.0, 524.0)","(352.0, 244.0)","(444.0, 421.0)","(438.0, 313.0)","(448.0, 366.0)"
"(35.0, 347.0)","(64.0, 481.0)","(150.0, 306.0)","(153.0, 523.0)","(264.0, 550.0)","(260.0, 265.0)","(365.0, 524.0)","(352.0, 244.0)","(444.0, 421.0)","(438.0, 313.0)","(448.0, 366.0)"
"(34.0, 342.0)","(63.0, 481.0)","(149.5, 302.0)","(154.0, 519.5)","(265.0, 548.0)","(259.0, 263.0)","(365.0, 524.0)","(353.0, 243.0)","(444.0, 421.5)","(438.0, 314.0)","(448.0, 366.0)"
"(32.0, 338.0)","(62.0, 482.0)","(149.0, 300.0)","(155.0, 516.5)","(265.0, 546.0)","(259.0, 262.0)","(366.0, 524.0)","(351.0, 244.0)","(446.0, 421.0)","(438.0, 313.5)","(448.0, 366.0)"
"(31.0, 334.0)","(61.0, 482.0)","(148.0, 296.0)","(155.0, 513.5)","(265.0, 544.0)","(259.0, 259.0)","(366.0, 524.0)","(351.0, 242.0)","(446.0, 421.0)","(438.0, 313.5)","(448.0, 366.0)"
"(30.5, 330.0)","(60.0, 482.0)","(148.0, 291.5)","(155.0, 512.0)","(265.0, 543.0)","(259.0, 257.0)","(367.0, 523.5)","(351.0, 242.0)","(446.0, 421.0)","(437.0, 314.0)","(448.0, 366.0)"
"(32.5, 326.0)","(60.0, 482.0)","(149.0, 286.0)","(155.0, 509.0)","(265.0, 542.0)","(261.0, 253.5)","(366.0, 523.0)","(354.0, 240.0)","(446.0, 421.0)","(438.0, 313.5)","(448.0, 366.0)"
"(36.0, 322.0)","(61.0, 484.0)","(151.0, 280.0)","(155.0, 509.0)","(265.0, 541.0)","(263.0, 249.0)","(366.0, 523.0)","(357.0, 238.0)","(446.0, 421.0)","(438.0, 313.0)","(448.0, 366.0)"
"(40.0, 319.0)","(61.0, 486.0)","(155.0, 276.0)","(155.0, 510.0)","(265.0, 542.0)","(267.0, 245.0)","(367.0, 523.0)","(359.0, 235.5)","(446.0, 421.0)","(440.0, 313.0)","(448.5, 366.0)"
"(43.0, 318.0)","(61.0, 488.0)","(157.5, 272.0)","(156.0, 514.0)","(267.0, 543.0)","(269.0, 242.0)","(367.0, 522.5)","(362.0, 233.0)","(446.0, 421.0)","(442.0, 312.0)","(450.0, 365.0)"
"(46.0, 316.0)","(61.0, 489.0)","(159.0, 268.0)","(156.0, 516.0)","(267.0, 545.0)","(271.0, 239.0)","(367.0, 522.0)","(364.0, 232.0)","(446.0, 420.0)","(442.5, 311.0)","(450.0, 364.0)"
"(48.0, 334.0)","(62.0, 490.0)",0,"(156.5, 517.5)","(267.0, 545.0)","(265.0, 245.0)","(367.0, 521.0)","(357.0, 232.0)","(446.0, 419.0)","(439.0, 311.0)","(448.0, 363.0)"
"(48.0, 335.0)","(61.0, 490.0)","(169.0, 324.5)","(156.0, 519.0)","(267.0, 546.0)","(271.0, 275.0)","(366.0, 519.0)","(357.0, 239.0)","(444.0, 415.0)","(442.0, 306.0)","(449.0, 360.0)"
0,"(62.0, 490.0)","(173.0, 316.0)","(156.0, 518.0)","(267.0, 542.0)","(283.0, 280.0)","(367.0, 518.0)","(371.0, 248.0)","(453.0, 420.0)","(456.0, 312.0)","(460.0, 365.0)"
"(53.0, 322.0)","(62.0, 490.0)","(172.0, 292.0)","(157.0, 514.0)","(269.0, 538.0)","(284.0, 267.0)","(371.0, 522.0)","(377.0, 253.0)","(460.0, 431.0)","(461.0, 324.0)",0
"(53.0, 321.0)","(62.0, 490.0)","(171.0, 290.0)","(156.0, 516.0)","(268.0, 541.0)","(283.0, 262.0)","(370.0, 527.0)","(376.5, 250.5)","(457.0, 434.0)","(458.0, 326.0)","(462.0, 378.5)"
"(53.0, 321.0)","(62.0, 490.0)","(171.0, 290.0)","(157.0, 518.0)","(267.0, 547.0)","(283.0, 260.0)","(369.0, 528.0)","(377.0, 248.0)","(455.5, 432.0)","(456.0, 324.0)","(461.0, 377.0)"
"(52.0, 322.0)","(63.0, 490.0)","(171.0, 290.0)","(157.0, 518.0)","(267.0, 546.0)","(282.0, 260.0)","(370.0, 528.0)","(375.5, 248.0)","(456.0, 431.0)","(456.0, 324.0)","(461.0, 376.0)"
"(52.0, 323.0)","(63.0, 490.0)","(171.0, 290.0)","(157.0, 518.0)","(267.0, 546.0)","(282.0, 260.0)","(369.0, 528.0)","(375.0, 248.0)","(456.0, 431.0)","(456.0, 323.0)","(461.0, 376.0)"
"(52.0, 323.0)","(63.0, 490.0)","(171.0, 290.5)","(157.0, 519.0)","(267.0, 546.0)","(282.0, 261.0)","(369.0, 527.5)","(375.0, 248.0)","(455.0, 431.0)","(456.0, 323.0)","(461.0, 376.0)"
"(51.5, 324.0)","(63.0, 490.0)","(169.0, 292.0)","(157.0, 519.5)","(267.0, 546.0)","(283.0, 261.0)","(368.0, 527.0)","(375.0, 248.0)","(455.0, 431.0)","(455.5, 323.0)","(461.0, 376.0)"
"(52.0, 325.0)","(63.0, 491.0)","(169.0, 292.0)","(157.0, 520.0)","(267.0, 546.0)","(281.0, 262.0)","(369.5, 527.0)","(375.0, 248.0)","(455.0, 431.0)","(455.5, 323.0)","(461.0, 376.0)"
"(52.0, 325.0)","(63.0, 492.0)","(171.0, 292.5)","(157.0, 521.5)","(267.5, 547.0)","(282.0, 262.0)","(370.0, 527.0)","(375.0, 248.0)","(455.0, 431.0)","(456.0, 323.0)","(461.0, 376.0)"
"(52.0, 324.0)","(63.0, 492.5)","(171.0, 292.0)","(157.0, 523.0)","(267.0, 548.0)","(282.0, 261.5)","(369.0, 527.5)","(375.0, 247.5)","(455.0, 431.0)","(456.0, 323.0)","(461.0, 375.5)"
"(51.5, 323.0)","(62.0, 494.0)","(171.0, 292.0)","(156.0, 524.0)","(267.0, 548.0)","(282.0, 261.0)","(368.0, 527.5)","(375.0, 248.0)","(455.0, 431.0)","(456.0, 323.0)","(460.0, 375.5)"
"(51.0, 322.0)","(62.0, 494.0)","(171.0, 292.0)","(155.5, 524.5)","(269.0, 548.0)","(282.0, 261.0)","(368.0, 527.5)","(375.0, 247.5)","(455.0, 431.0)","(455.5, 322.0)","(460.0, 375.0)"
"(51.0, 321.0)","(62.0, 494.0)","(171.0, 291.0)","(155.0, 526.0)","(267.5, 550.0)","(283.0, 261.0)","(368.0, 527.5)","(375.0, 247.5)","(454.5, 431.0)","(455.5, 322.0)","(460.0, 375.0)"
"(51.0, 319.0)","(62.0, 494.0)","(171.0, 290.0)","(157.0, 526.0)","(268.0, 550.0)","(282.0, 261.0)","(368.5, 527.5)","(375.0, 247.0)","(455.0, 431.0)","(456.0, 322.0)","(460.0, 375.0)"
"(51.0, 318.0)","(63.0, 494.0)","(171.0, 290.0)","(157.0, 526.0)","(268.0, 550.0)","(283.0, 261.0)","(370.0, 528.0)","(375.0, 246.5)","(456.0, 431.0)","(456.0, 323.0)","(461.0, 375.0)"
"(51.0, 317.0)","(63.0, 492.0)","(171.0, 289.0)","(157.0, 522.0)","(268.0, 548.0)","(282.5, 261.0)","(370.0, 528.0)","(375.0, 246.0)","(456.0, 430.0)","(456.0, 321.5)","(461.0, 375.0)"
"(49.0, 317.0)","(62.0, 492.0)","(169.5, 288.0)","(157.0, 519.0)","(268.0, 546.0)","(281.0, 260.0)","(370.0, 528.0)","(374.0, 246.0)","(456.0, 430.0)","(455.0, 321.0)","(461.0, 374.0)"
"(48.0, 317.0)","(61.0, 490.0)","(167.0, 288.0)","(157.0, 516.0)","(268.0, 545.0)","(280.0, 258.0)","(369.0, 526.0)","(372.0, 245.0)","(454.0, 429.0)","(454.0, 320.0)","(460.0, 374.0)"
"(45.5, 316.0)","(61.0, 488.0)","(167.0, 286.5)","(156.5, 514.0)","(267.0, 544.0)","(279.0, 258.0)","(369.0, 526.0)","(372.0, 244.0)","(454.0, 429.0)","(453.0, 320.0)","(460.0, 374.0)"
"(45.0, 316.0)","(60.0, 488.0)","(165.0, 286.0)","(156.0, 510.0)","(266.0, 542.0)","(279.0, 258.0)","(369.0, 526.0)","(371.0, 244.0)","(454.0, 429.0)","(453.0, 320.0)","(460.0, 373.5)"
"(45.0, 316.0)","(61.0, 486.0)","(165.0, 285.5)","(157.0, 506.0)","(267.0, 539.0)","(278.0, 258.0)","(369.0, 526.0)","(371.0, 244.0)","(454.0, 429.0)","(453.0, 320.0)","(460.0, 372.0)"
"(45.0, 317.0)","(61.0, 486.0)","(165.0, 285.0)","(157.0, 508.0)","(267.0, 539.0)","(278.0, 256.0)","(370.0, 526.0)","(371.0, 244.0)","(455.0, 429.0)","(454.0, 319.0)","(460.0, 372.0)"
"(44.0, 316.0)","(60.0, 489.0)","(164.5, 284.0)","(157.0, 512.0)","(267.0, 541.0)","(278.0, 257.0)","(369.0, 525.0)","(371.0, 243.0)","(454.0, 428.0)","(453.5, 319.0)","(460.0, 372.0)"
"(45.0, 316.0)","(61.0, 491.0)","(165.0, 284.0)","(157.0, 516.0)","(268.0, 544.0)","(278.0, 256.0)","(370.0, 524.0)","(371.0, 243.0)","(454.0, 427.0)","(452.0, 319.0)","(460.0, 372.0)"
"(45.0, 316.0)","(61.0, 494.0)","(165.0, 284.0)","(156.0, 521.0)","(267.0, 546.0)","(278.0, 256.0)","(369.0, 524.0)","(371.0, 243.0)","(454.0, 426.0)","(452.0, 319.0)","(460.0, 372.0)"
"(45.0, 317.0)","(62.0, 495.5)","(165.0, 284.0)","(157.0, 524.5)","(268.0, 548.0)","(278.0, 256.0)","(369.0, 525.0)","(370.0, 244.0)","(454.0, 426.0)","(452.0, 319.0)","(459.0, 372.0)"
"(45.0, 317.0)","(62.0, 496.0)","(165.0, 284.0)","(156.0, 526.0)","(268.0, 548.0)","(277.0, 256.0)","(369.0, 525.0)","(369.0, 243.0)","(453.0, 426.5)","(452.0, 318.0)","(458.0, 372.0)"
"(45.0, 317.0)","(62.0, 496.0)","(163.0, 283.5)","(155.0, 526.5)","(267.0, 548.0)","(277.0, 256.0)","(368.0, 524.0)","(369.0, 243.0)","(452.0, 426.0)","(451.0, 318.0)","(458.0, 371.0)"
"(43.0, 317.0)","(62.0, 496.0)","(163.5, 285.5)","(156.0, 528.0)","(268.0, 548.0)","(276.0, 256.0)","(368.0, 524.0)","(368.0, 242.0)","(452.0, 426.0)","(450.0, 316.0)","(456.0, 370.0)"
"(43.0, 317.0)","(60.0, 496.0)","(163.0, 285.5)","(155.0, 528.0)","(267.0, 548.0)","(276.0, 256.0)","(367.0, 523.0)","(367.0, 242.0)","(450.0, 424.0)","(449.5, 316.0)","(456.0, 370.0)"
"(43.0, 317.0)","(61.0, 496.0)","(161.5, 284.0)","(155.0, 527.5)","(267.0, 548.0)","(274.0, 256.0)","(367.0, 523.5)","(367.0, 242.0)","(450.0, 425.0)","(448.0, 316.0)","(455.0, 369.0)"
"(42.0, 317.0)","(60.0, 496.0)","(161.0, 284.0)","(155.0, 527.0)","(267.0, 548.0)","(274.0, 255.0)","(367.0, 523.0)","(367.0, 241.0)","(450.0, 424.0)","(448.0, 315.0)","(455.0, 368.0)"
"(42.0, 317.0)","(60.0, 495.0)","(161.0, 284.0)","(155.0, 526.0)","(266.0, 548.0)","(274.0, 255.0)","(367.0, 523.5)","(367.0, 240.5)","(450.0, 423.5)","(448.0, 315.0)","(454.5, 369.0)"
"(41.0, 317.0)","(60.0, 493.0)","(161.0, 284.0)","(155.0, 523.5)","(267.0, 546.0)","(274.0, 254.0)","(367.5, 522.0)","(367.0, 240.0)","(450.0, 423.0)","(448.0, 315.0)","(454.0, 368.0)"
"(41.0, 317.0)","(60.0, 492.0)","(161.0, 284.0)","(155.0, 521.5)","(266.0, 546.0)","(274.0, 254.0)","(368.0, 522.0)","(366.0, 240.0)","(450.0, 423.0)","(448.0, 315.0)","(454.0, 367.0)"
"(41.0, 317.0)","(60.0, 491.0)","(161.5, 284.0)","(155.0, 518.5)","(266.0, 544.0)","(273.0, 254.0)","(368.0, 522.0)","(366.0, 240.0)","(450.0, 423.0)","(448.0, 314.0)","(454.0, 367.0)"
"(41.0, 317.0)","(58.0, 488.0)","(161.0, 286.0)","(155.0, 512.0)","(266.0, 540.0)","(273.0, 255.0)","(368.0, 521.0)","(365.0, 240.0)","(450.0, 423.0)","(448.0, 314.0)","(454.0, 367.0)"
"(41.0, 317.0)","(58.0, 486.0)","(161.0, 286.0)","(155.0, 507.5)","(265.0, 536.0)","(273.0, 254.0)","(368.0, 520.0)","(365.0, 240.0)","(450.0, 423.0)","(448.0, 313.5)","(455.0, 366.0)"
"(41.0, 317.0)","(58.0, 487.0)","(161.0, 288.0)","(155.0, 507.5)","(266.0, 536.0)","(272.5, 256.0)","(368.0, 520.0)","(365.0, 240.0)","(450.0, 423.0)","(448.0, 313.5)","(455.0, 366.0)"
"(41.0, 317.0)","(59.0, 488.0)","(162.0, 290.5)","(155.0, 508.0)","(266.0, 536.0)","(273.0, 258.0)","(368.0, 520.0)","(366.0, 240.0)","(451.0, 421.0)","(448.0, 313.0)","(456.0, 366.0)"
"(42.0, 317.0)","(57.0, 487.0)","(162.0, 292.0)","(154.0, 506.0)","(266.0, 536.0)","(273.0, 258.0)","(368.0, 520.0)","(365.0, 240.0)","(451.5, 421.0)","(448.0, 313.0)","(456.0, 366.0)"
"(42.5, 317.0)","(57.0, 486.0)","(162.0, 292.0)","(154.0, 504.0)","(265.0, 534.0)","(273.0, 258.0)","(366.0, 518.0)","(365.0, 240.0)","(450.0, 422.0)","(448.0, 312.0)","(456.0, 365.0)"
"(42.0, 319.0)","(57.0, 486.0)","(163.0, 295.5)","(154.0, 502.0)","(266.0, 532.0)","(272.0, 260.0)","(367.0, 518.0)","(364.0, 240.0)","(452.0, 421.0)","(448.0, 312.0)","(456.0, 365.0)"
"(41.0, 320.0)","(57.0, 486.0)","(162.0, 300.0)","(155.0, 501.0)","(265.0, 531.0)","(272.0, 263.5)","(367.5, 518.0)","(364.0, 242.0)","(452.0, 421.0)","(448.0, 312.0)","(456.0, 365.0)"
"(41.0, 320.0)","(57.0, 485.0)","(162.0, 304.0)","(154.0, 499.0)","(265.0, 530.0)","(272.0, 266.0)","(366.0, 517.0)","(363.0, 244.0)","(452.0, 421.0)","(448.0, 312.0)","(456.0, 365.0)"
"(41.0, 320.0)","(57.0, 485.0)","(162.0, 304.5)","(153.0, 495.5)","(265.0, 527.0)","(272.0, 266.0)","(366.0, 516.0)","(363.0, 244.0)","(452.0, 420.0)","(448.5, 312.0)","(456.0, 365.0)"
"(42.5, 320.0)","(57.0, 485.0)","(163.0, 304.0)","(155.0, 494.0)","(265.0, 526.0)","(273.5, 267.0)","(366.0, 516.0)","(363.0, 244.0)","(452.0, 421.0)","(449.0, 312.0)","(456.0, 365.0)"
"(43.0, 318.0)","(57.0, 485.0)","(163.0, 304.0)","(155.0, 494.0)","(265.0, 525.0)","(275.0, 267.0)","(366.0, 515.5)","(364.0, 244.0)","(452.0, 421.0)","(450.0, 312.0)","(457.5, 365.0)"
"(43.0, 318.0)","(57.0, 485.0)","(164.0, 304.0)","(155.0, 492.0)","(265.0, 524.0)","(274.0, 267.0)","(367.0, 514.0)","(364.0, 244.0)","(452.0, 420.0)","(450.0, 313.0)","(457.0, 364.0)"
"(43.0, 318.0)","(57.0, 485.0)","(163.0, 306.0)","(154.0, 488.0)","(263.0, 520.0)","(272.5, 269.0)","(367.0, 514.0)","(364.0, 245.0)","(452.0, 420.0)","(450.0, 313.0)","(457.0, 364.0)"
"(43.0, 318.0)","(57.0, 487.0)","(163.0, 308.0)","(154.0, 488.0)","(265.0, 520.0)","(272.0, 271.0)","(366.0, 513.0)","(363.0, 246.0)","(453.0, 420.0)","(450.0, 313.0)","(458.0, 364.0)"
"(42.5, 318.0)","(57.0, 489.0)","(163.0, 308.0)","(154.0, 488.0)","(264.0, 520.0)","(273.0, 271.0)","(367.0, 514.0)","(363.0, 246.5)","(454.0, 421.0)","(450.0, 313.0)","(458.0, 364.0)"
"(41.0, 318.0)","(55.0, 489.0)","(162.0, 309.5)","(154.0, 486.0)","(263.5, 518.0)","(272.0, 272.0)","(367.0, 512.0)","(363.0, 246.5)","(454.0, 421.0)","(450.0, 312.0)","(458.0, 364.0)"
"(41.0, 317.0)","(55.0, 490.0)","(162.0, 310.0)","(152.0, 484.5)","(263.0, 516.0)","(272.0, 273.0)","(365.5, 512.0)","(362.5, 248.0)","(454.0, 420.0)","(450.0, 313.0)","(458.0, 364.0)"
"(41.0, 317.0)","(54.0, 491.0)","(161.0, 312.0)","(151.0, 482.0)","(263.0, 514.0)","(270.0, 274.0)","(365.0, 512.0)","(362.0, 248.0)","(454.0, 421.0)","(449.5, 313.0)","(458.0, 364.0)"
"(39.0, 319.0)","(53.0, 493.0)","(161.0, 316.0)","(150.0, 481.0)","(262.0, 512.0)","(270.0, 277.5)","(365.0, 510.0)","(361.0, 251.0)","(454.0, 421.0)","(449.0, 313.0)","(458.0, 366.0)"
"(37.0, 319.0)","(53.0, 492.0)","(159.0, 320.0)","(149.0, 480.0)","(261.0, 510.5)","(268.0, 283.0)","(363.0, 510.0)","(358.0, 254.0)","(454.0, 421.0)","(448.0, 314.0)","(458.0, 366.0)"
"(37.0, 319.0)","(52.0, 494.0)","(159.0, 323.5)","(147.0, 478.0)","(259.0, 508.0)","(267.0, 286.0)","(362.0, 508.0)","(357.0, 256.0)","(454.0, 421.0)","(448.0, 314.0)","(458.0, 366.0)"
"(37.0, 319.0)","(53.0, 495.0)","(159.0, 323.0)","(147.0, 477.5)","(259.5, 507.0)","(267.0, 286.0)","(362.0, 508.0)","(357.0, 256.0)","(454.0, 422.0)","(448.0, 315.0)","(458.0, 367.0)"
"(38.0, 319.0)","(51.0, 495.0)","(159.0, 323.5)","(146.0, 477.0)","(259.0, 506.5)","(267.0, 286.0)","(361.5, 508.0)","(357.0, 256.0)","(454.0, 423.0)","(448.0, 315.0)","(459.0, 367.0)"
"(38.0, 318.0)","(50.0, 496.0)","(159.0, 324.0)","(144.0, 474.0)","(257.0, 504.0)","(267.0, 287.0)","(360.0, 506.0)","(356.0, 257.0)","(453.0, 423.0)","(448.0, 315.0)","(458.0, 368.0)"
"(37.0, 319.0)","(49.0, 496.0)","(157.5, 324.0)","(142.0, 472.0)","(255.5, 502.0)","(267.0, 287.5)","(358.0, 505.0)","(355.0, 258.0)","(453.0, 423.0)","(448.0, 315.5)","(458.0, 368.0)"
"(37.0, 319.0)","(49.0, 497.0)","(157.0, 326.0)","(141.0, 472.0)","(255.0, 500.0)","(266.0, 289.0)","(357.5, 504.0)","(355.0, 258.0)","(452.0, 423.0)","(448.0, 316.0)","(459.0, 368.0)"
"(35.0, 317.0)","(47.0, 498.0)","(155.0, 327.5)","(139.0, 471.5)","(253.0, 500.0)","(266.0, 290.0)","(357.0, 504.0)","(356.0, 259.0)","(453.0, 423.0)","(448.0, 316.0)","(458.0, 368.0)"
"(35.0, 316.0)","(45.0, 498.0)","(155.0, 327.5)","(138.0, 469.0)","(253.0, 497.0)","(265.0, 291.0)","(355.0, 504.0)","(354.5, 260.0)","(452.0, 423.0)","(448.0, 316.0)","(458.0, 368.0)"
"(35.0, 315.0)","(46.0, 500.0)","(154.0, 328.0)","(136.0, 468.0)","(251.0, 495.0)","(265.0, 293.0)","(354.0, 503.0)","(353.0, 260.0)","(452.0, 423.0)","(447.5, 317.0)","(458.0, 368.0)"
"(33.0, 315.0)","(46.0, 502.0)","(153.0, 330.0)","(136.0, 468.0)","(251.0, 495.0)","(263.0, 293.0)","(353.0, 502.0)","(352.0, 261.5)","(451.0, 423.0)","(446.0, 317.0)","(457.0, 368.0)"
"(33.0, 313.0)","(46.0, 505.0)","(151.0, 331.5)","(136.0, 469.5)","(251.0, 495.0)","(262.0, 295.0)","(353.0, 503.5)","(351.0, 262.0)","(452.0, 423.0)","(446.0, 317.0)","(457.0, 369.0)"
"(34.0, 313.0)","(48.0, 507.0)","(151.0, 332.0)","(136.0, 470.0)","(251.0, 495.0)","(262.0, 297.0)","(353.0, 504.0)","(351.0, 264.0)","(452.0, 423.0)","(446.0, 317.0)","(457.0, 369.0)"
"(35.0, 313.0)","(48.0, 509.0)","(151.0, 334.0)","(136.0, 470.0)","(251.0, 495.0)","(262.0, 297.0)","(354.0, 504.0)","(351.0, 265.0)","(452.0, 425.0)","(446.0, 318.5)","(457.0, 369.0)"
"(35.0, 311.0)","(48.0, 510.5)","(151.0, 334.0)","(135.0, 470.5)","(250.0, 494.0)","(262.0, 298.0)","(353.0, 504.0)","(351.0, 265.0)","(452.0, 425.0)","(446.0, 318.0)","(457.5, 370.0)"
"(35.0, 311.0)","(48.0, 511.0)","(151.0, 334.5)","(134.0, 469.0)","(249.0, 493.0)","(262.0, 298.0)","(353.0, 503.0)","(351.0, 265.0)","(451.0, 425.0)","(446.0, 318.0)","(457.0, 370.0)"
"(36.0, 309.0)","(46.0, 511.0)","(151.0, 335.5)","(131.0, 467.5)","(247.0, 490.0)","(262.0, 298.0)","(350.0, 502.0)","(351.0, 265.0)","(450.0, 425.0)","(445.0, 318.0)","(456.0, 370.0)"
"(36.0, 309.0)","(46.0, 511.0)","(151.0, 336.0)","(130.0, 466.0)","(246.5, 488.0)","(261.0, 298.0)","(347.0, 500.0)","(351.0, 265.0)","(449.0, 425.0)","(444.5, 319.0)","(456.0, 370.0)"
"(36.0, 308.0)","(46.0, 511.0)","(149.5, 336.5)","(128.0, 464.5)","(244.0, 486.0)","(261.0, 300.0)","(347.0, 499.0)","(349.0, 265.5)","(448.0, 425.0)","(444.0, 318.0)","(455.0, 370.0)"
"(36.0, 307.0)","(46.0, 511.0)","(149.0, 338.0)","(126.5, 463.0)","(244.0, 485.0)","(260.0, 301.5)","(345.0, 498.0)","(349.0, 266.5)","(448.0, 425.0)","(444.0, 318.0)","(455.0, 370.0)"
"(36.0, 307.0)","(44.0, 511.0)","(147.0, 340.0)","(125.0, 461.0)","(242.0, 483.0)","(258.0, 303.0)","(344.0, 497.0)","(347.0, 267.5)","(446.0, 425.0)","(442.0, 318.0)","(454.0, 370.0)"
"(36.0, 307.0)","(44.0, 509.0)","(147.0, 341.0)","(123.0, 459.5)","(240.0, 481.0)","(257.0, 304.0)","(343.0, 496.0)","(345.0, 268.0)","(446.0, 425.0)","(442.0, 318.0)","(454.0, 370.0)"
"(35.0, 305.5)","(43.0, 509.0)","(145.0, 342.0)","(121.0, 457.5)","(239.0, 479.0)","(256.0, 305.0)","(341.0, 494.5)","(345.0, 269.0)","(444.0, 425.0)","(440.0, 318.0)","(452.0, 370.0)"
"(36.0, 305.0)","(42.0, 509.0)","(145.0, 342.0)","(120.0, 456.5)","(237.0, 478.0)","(256.0, 305.5)","(339.0, 494.0)","(345.0, 269.0)","(444.0, 425.0)","(440.0, 318.0)","(452.0, 370.0)"
"(35.0, 304.0)","(42.0, 509.0)","(145.0, 342.0)","(118.0, 456.0)","(236.0, 476.5)","(255.5, 306.0)","(338.0, 493.0)","(343.0, 269.0)","(443.0, 425.0)","(440.0, 319.0)","(452.0, 370.0)"
"(35.0, 303.0)","(42.0, 509.0)","(145.0, 342.0)","(118.0, 455.0)","(235.0, 475.0)","(255.5, 307.0)","(337.0, 492.0)","(344.0, 269.5)","(442.0, 425.0)","(439.0, 318.0)","(450.5, 371.0)"
"(36.0, 302.0)","(42.0, 510.0)","(145.0, 342.0)","(118.0, 454.5)","(235.0, 475.0)","(255.0, 307.0)","(337.0, 492.0)","(343.0, 270.0)","(442.0, 425.0)","(440.0, 318.0)","(451.0, 371.0)"
"(35.0, 301.0)","(42.0, 509.0)","(143.0, 342.0)","(116.0, 453.5)","(235.0, 474.0)","(254.0, 307.0)","(336.0, 492.0)","(343.0, 270.5)","(441.0, 424.5)","(438.5, 319.0)","(450.0, 370.0)"
"(35.0, 300.0)","(42.0, 508.0)","(142.0, 344.0)","(116.0, 452.0)","(233.0, 472.0)","(253.0, 308.0)","(335.0, 491.0)","(341.0, 271.0)","(440.0, 424.0)","(437.0, 319.0)","(449.0, 370.0)"
"(35.0, 299.0)","(42.0, 508.0)","(141.0, 344.0)","(115.0, 450.5)","(233.0, 471.0)","(252.0, 309.0)","(334.0, 490.0)","(339.0, 271.0)","(440.0, 423.0)","(437.0, 318.0)","(448.5, 370.0)"
"(35.0, 298.0)","(42.0, 507.0)","(140.0, 344.0)","(114.0, 449.0)","(233.0, 470.0)","(251.0, 309.5)","(335.0, 490.0)","(339.0, 271.5)","(440.0, 423.0)","(436.0, 318.0)","(448.0, 369.5)"
"(35.0, 299.0)","(44.0, 507.0)","(139.0, 346.0)","(116.0, 448.5)","(233.0, 470.0)","(250.0, 311.0)","(336.0, 490.0)","(338.0, 272.5)","(440.0, 424.0)","(436.0, 318.0)","(448.0, 369.5)"
"(34.0, 299.0)","(45.0, 506.0)","(138.0, 348.0)","(116.0, 447.5)","(234.0, 470.0)","(250.0, 313.0)","(336.0, 490.0)","(337.0, 274.0)","(441.0, 423.0)","(436.0, 318.0)","(448.0, 369.0)"
"(33.0, 298.0)","(46.0, 505.0)","(135.5, 349.0)","(117.0, 446.0)","(234.0, 468.0)","(248.0, 315.0)","(336.0, 490.0)","(335.0, 275.5)","(441.0, 424.0)","(434.0, 318.0)","(448.0, 369.0)"
"(33.0, 299.0)","(48.0, 505.0)","(133.0, 352.0)","(117.0, 444.0)","(234.5, 467.5)","(245.0, 319.0)","(336.0, 490.0)","(331.0, 278.0)","(440.0, 423.0)","(432.0, 318.0)","(447.0, 369.0)"
"(31.0, 299.0)","(50.0, 504.0)","(131.0, 354.5)","(118.0, 443.0)","(235.5, 466.0)","(244.0, 321.0)","(336.0, 490.0)","(331.0, 280.0)","(440.0, 423.0)","(431.0, 318.0)","(446.0, 369.0)"
"(32.0, 299.0)","(52.0, 503.0)","(131.0, 356.5)","(119.0, 441.0)","(237.0, 464.5)","(244.0, 323.0)","(338.0, 490.0)","(328.0, 281.0)","(441.0, 423.0)","(430.0, 319.0)","(446.0, 368.0)"
"(33.0, 299.0)","(54.0, 503.0)","(133.0, 358.0)","(120.0, 439.0)","(237.0, 464.0)","(244.0, 323.5)","(338.0, 490.0)","(329.0, 281.0)","(441.0, 423.0)","(430.5, 318.0)","(447.0, 368.0)"
"(35.0, 300.5)","(56.0, 501.0)","(133.0, 359.5)","(121.0, 437.5)","(239.0, 462.0)","(244.0, 325.0)","(338.0, 490.0)","(329.0, 281.0)","(442.0, 423.0)","(431.0, 318.5)","(447.0, 368.0)"
"(37.0, 301.0)","(57.0, 500.0)","(133.0, 360.5)","(122.0, 435.0)","(239.0, 460.5)","(244.0, 325.0)","(339.0, 490.0)","(329.0, 281.0)","(442.0, 423.0)","(431.0, 318.0)","(448.0, 368.0)"
"(39.0, 301.5)","(59.0, 498.0)","(134.0, 362.0)","(123.0, 433.0)","(239.0, 460.0)","(246.0, 326.0)","(339.0, 489.0)","(331.0, 281.5)","(443.0, 423.0)","(432.0, 318.0)","(448.0, 369.0)"
"(40.0, 303.0)","(61.0, 497.0)","(135.0, 364.0)","(124.0, 431.5)","(240.0, 458.0)","(246.0, 327.5)","(340.0, 488.5)","(331.0, 282.0)","(444.0, 423.0)","(433.0, 319.0)","(449.0, 368.0)"
"(41.0, 304.5)","(62.0, 496.0)","(135.0, 366.0)","(125.5, 430.0)","(241.0, 457.5)","(246.0, 329.5)","(341.0, 488.0)","(329.0, 284.0)","(445.0, 423.0)","(433.0, 319.0)","(450.0, 369.0)"
"(40.0, 306.5)","(64.0, 495.0)","(134.0, 369.0)","(126.0, 428.5)","(241.5, 456.0)","(244.0, 333.0)","(341.0, 488.0)","(329.0, 286.5)","(446.0, 423.0)","(432.5, 320.0)","(450.0, 369.0)"
"(40.0, 309.0)","(65.0, 494.0)","(132.0, 372.0)","(126.0, 428.0)","(243.0, 455.0)","(242.0, 337.0)","(341.0, 488.0)","(327.0, 290.0)","(446.0, 423.0)","(431.0, 321.0)","(450.0, 369.0)"
"(41.0, 309.0)","(66.0, 492.0)","(133.0, 375.0)","(128.0, 426.0)","(242.5, 454.0)","(242.0, 341.0)","(342.0, 487.0)","(326.0, 292.5)","(446.0, 423.0)","(430.5, 321.0)","(450.0, 369.0)"
"(42.0, 310.0)","(67.0, 492.0)","(132.0, 376.0)","(128.0, 424.0)","(243.0, 452.0)","(242.0, 343.0)","(342.0, 487.0)","(324.0, 294.0)","(447.0, 423.0)","(430.0, 321.0)","(450.0, 369.0)"
"(43.0, 310.0)","(67.0, 491.0)","(133.5, 377.0)","(126.0, 424.0)","(243.0, 450.0)","(242.0, 343.0)","(341.0, 486.0)","(325.0, 294.0)","(446.0, 424.0)","(430.0, 322.0)","(450.0, 369.0)"
"(45.0, 309.0)","(68.0, 491.0)","(133.0, 377.0)","(126.0, 422.0)","(241.0, 449.5)","(242.5, 343.0)","(340.0, 484.0)","(326.0, 294.0)","(446.0, 423.0)","(431.0, 321.0)","(450.0, 369.0)"
"(47.0, 309.0)","(68.0, 491.0)","(133.0, 377.0)","(125.0, 422.0)","(241.0, 448.0)","(243.0, 343.0)","(339.0, 484.0)","(326.0, 294.0)","(446.0, 423.0)","(431.0, 321.0)","(450.0, 369.0)"
"(48.0, 307.0)","(68.0, 491.0)","(133.0, 377.0)","(124.0, 422.0)","(239.5, 447.0)","(243.0, 343.0)","(338.0, 482.0)","(326.0, 294.0)","(445.0, 423.0)","(431.0, 320.0)","(450.0, 369.0)"
"(48.0, 307.0)","(68.0, 491.0)","(133.0, 377.0)","(124.0, 422.0)","(239.0, 446.0)","(243.0, 343.0)","(338.0, 482.0)","(325.0, 294.0)","(445.0, 423.0)","(430.5, 320.0)","(450.0, 369.0)"
"(48.0, 307.0)","(69.0, 493.0)","(132.0, 377.0)","(123.0, 421.0)","(239.5, 446.0)","(243.0, 343.0)","(337.0, 482.0)","(325.0, 293.5)","(446.0, 423.0)","(430.5, 320.0)","(450.0, 369.0)"
"(48.0, 307.0)","(71.0, 493.0)","(131.0, 377.0)","(122.0, 420.5)","(239.5, 445.5)","(242.0, 343.0)","(338.0, 482.0)","(324.0, 294.0)","(445.0, 423.0)","(430.0, 320.0)","(449.5, 368.5)"
"(47.0, 307.5)","(71.0, 493.0)","(129.0, 378.0)","(121.5, 420.5)","(239.5, 444.5)","(240.5, 345.0)","(337.0, 481.0)","(323.0, 295.5)","(444.0, 423.0)","(428.0, 320.0)","(448.0, 368.0)"
"(45.0, 307.0)","(71.0, 491.0)","(127.0, 379.0)","(121.5, 420.0)","(239.0, 444.0)","(238.0, 346.0)","(337.0, 480.0)","(321.0, 296.5)","(444.0, 423.0)","(427.0, 320.0)","(447.5, 368.0)"
"(44.0, 306.5)","(69.0, 491.0)","(125.0, 380.0)","(120.5, 418.0)","(237.5, 442.5)","(237.0, 347.5)","(335.0, 480.0)","(319.0, 298.0)","(442.0, 423.0)","(425.0, 320.0)","(446.0, 369.0)"
"(44.0, 307.0)","(69.0, 489.0)","(123.0, 380.0)","(120.0, 416.0)","(236.0, 441.5)","(235.0, 348.0)","(333.0, 480.0)","(317.0, 298.0)","(442.0, 423.0)","(423.0, 320.0)","(445.0, 368.0)"
"(44.0, 307.0)","(68.0, 487.0)","(123.0, 380.0)","(118.0, 414.0)","(234.5, 439.5)","(234.0, 349.0)","(331.0, 478.5)","(316.0, 298.0)","(440.0, 423.0)","(423.0, 320.0)","(444.0, 368.0)"
"(44.0, 306.0)","(67.0, 485.0)","(122.0, 380.0)","(117.0, 412.0)","(233.0, 437.5)","(234.0, 348.0)","(330.5, 478.0)","(316.0, 298.0)","(439.0, 423.0)","(423.0, 320.0)","(444.0, 368.0)"
"(44.0, 305.0)","(67.0, 483.0)","(121.0, 380.0)","(115.0, 409.5)","(232.0, 435.0)","(233.0, 348.0)","(329.0, 476.0)","(315.0, 298.0)","(438.0, 423.0)","(422.5, 320.0)","(442.0, 367.5)"
"(44.0, 305.0)","(66.0, 481.0)","(121.0, 380.0)","(114.0, 408.0)","(231.5, 433.5)","(233.0, 348.0)","(327.0, 476.0)","(315.0, 298.0)","(437.0, 423.0)","(422.5, 320.0)","(442.0, 368.0)"
"(44.0, 305.0)","(65.0, 479.0)","(121.0, 380.0)","(114.0, 406.0)","(229.5, 432.0)","(233.0, 347.5)","(327.0, 475.0)","(315.0, 298.0)","(436.0, 422.0)","(421.0, 320.0)","(442.0, 367.5)"
"(42.0, 305.0)","(64.0, 477.0)","(119.5, 380.0)","(112.0, 404.0)","(229.0, 430.0)","(231.0, 347.5)","(325.0, 474.0)","(314.0, 298.0)","(435.5, 421.0)","(421.0, 319.5)","(440.0, 367.0)"
"(42.0, 304.0)","(63.0, 475.0)","(118.0, 380.0)","(110.0, 401.0)","(226.5, 428.0)","(230.0, 348.0)","(323.5, 473.0)","(312.0, 298.0)","(434.0, 421.0)","(419.0, 319.5)","(439.5, 367.0)"
"(40.0, 305.0)","(61.0, 473.0)","(117.0, 380.0)","(108.0, 398.0)","(224.5, 426.0)","(229.0, 348.0)","(320.0, 471.5)","(310.5, 298.0)","(432.0, 422.0)","(418.5, 320.0)","(438.0, 367.0)"
"(40.0, 303.0)","(59.0, 471.0)","(115.0, 380.0)","(107.0, 396.0)","(222.0, 424.0)","(229.0, 349.0)","(318.0, 470.0)","(311.0, 298.0)","(430.0, 422.0)","(417.0, 319.5)","(437.0, 367.0)"
"(40.0, 303.0)","(57.0, 470.0)","(116.0, 380.0)","(105.0, 394.0)","(219.5, 422.0)","(228.5, 347.5)","(316.5, 469.0)","(310.0, 296.5)","(428.0, 421.0)","(417.5, 319.0)","(436.0, 368.0)"
"(42.0, 301.0)","(57.0, 469.0)","(115.0, 380.0)","(105.0, 393.0)","(220.5, 421.0)","(229.0, 347.0)","(316.0, 468.0)","(310.5, 296.0)","(428.0, 421.0)","(417.0, 318.0)","(436.0, 367.0)"
"(44.0, 301.0)","(59.0, 469.0)","(116.0, 379.0)","(105.0, 393.0)","(221.0, 420.0)","(229.0, 347.0)","(316.0, 468.0)","(312.0, 296.0)","(429.0, 421.0)","(419.0, 318.0)","(436.0, 367.0)"
"(44.0, 300.0)","(61.0, 469.0)","(117.0, 378.5)","(104.0, 391.0)","(221.0, 419.0)","(230.0, 347.0)","(317.0, 468.0)","(312.0, 294.5)","(429.0, 421.0)","(418.5, 318.0)","(436.5, 366.0)"
"(46.0, 300.0)","(63.0, 469.0)","(117.0, 378.0)","(105.0, 391.0)","(221.0, 418.0)","(231.0, 345.5)","(317.0, 468.0)","(312.0, 294.0)","(430.0, 421.0)","(419.0, 317.0)","(437.5, 366.0)"
"(46.0, 299.0)","(63.0, 470.0)","(119.0, 378.0)","(106.0, 392.0)","(222.0, 418.0)","(231.0, 345.5)","(317.0, 467.0)","(314.0, 294.0)","(430.0, 421.0)","(419.0, 318.0)","(438.0, 366.0)"
"(47.0, 299.0)","(65.0, 471.0)","(119.0, 378.0)","(106.5, 393.0)","(223.0, 417.5)","(232.0, 345.5)","(318.0, 467.0)","(314.0, 294.0)","(430.0, 421.0)","(419.5, 316.5)","(438.0, 366.0)"
"(48.0, 299.0)","(67.0, 471.0)","(120.0, 378.0)","(106.0, 393.0)","(223.5, 418.0)","(233.0, 345.5)","(318.0, 466.0)","(315.0, 294.0)","(430.0, 421.0)","(421.0, 316.0)","(438.0, 366.0)"
"(48.0, 299.0)","(67.0, 472.0)","(121.0, 378.0)","(108.0, 393.5)","(225.0, 418.0)","(234.0, 345.0)","(318.0, 466.0)","(315.0, 294.0)","(431.5, 421.0)","(421.5, 317.0)","(440.0, 366.0)"
"(48.0, 299.0)","(67.0, 473.0)","(121.0, 378.0)","(108.0, 394.0)","(225.0, 418.5)","(234.0, 345.0)","(319.0, 467.0)","(315.0, 293.5)","(432.0, 421.0)","(422.0, 317.0)","(440.0, 366.0)"
"(48.0, 299.0)","(67.0, 473.0)","(121.0, 378.0)","(108.0, 394.0)","(225.0, 419.5)","(234.0, 345.0)","(319.0, 468.0)","(316.0, 292.0)","(432.0, 421.0)","(422.0, 317.0)","(440.0, 366.0)"
"(48.0, 299.0)","(67.0, 473.0)","(122.0, 377.0)","(108.0, 394.5)","(225.0, 419.5)","(234.0, 344.0)","(319.0, 467.0)","(317.0, 292.0)","(432.0, 420.0)","(422.5, 316.0)","(440.0, 365.0)"
"(50.0, 299.0)","(69.0, 473.0)","(123.0, 377.0)","(108.5, 394.5)","(225.0, 419.5)","(236.0, 344.0)","(319.0, 467.0)","(317.0, 292.0)","(432.0, 419.0)","(424.0, 316.0)","(440.0, 365.0)"
"(50.0, 299.0)","(69.0, 473.0)","(124.0, 377.0)","(109.0, 394.5)","(226.0, 418.5)","(236.5, 343.0)","(319.0, 466.0)","(319.0, 291.0)","(432.0, 419.0)","(424.0, 316.0)","(440.5, 365.0)"
"(50.0, 299.0)","(71.0, 474.0)","(125.0, 376.0)","(107.0, 395.0)","(227.0, 418.0)","(237.0, 343.0)","(320.0, 466.0)","(319.0, 290.0)","(433.0, 419.0)","(424.5, 316.0)","(442.0, 364.0)"
"(50.0, 299.0)","(71.0, 475.0)","(126.0, 376.0)","(109.0, 395.5)","(227.0, 418.0)","(238.0, 341.5)","(320.0, 466.0)","(320.0, 289.5)","(433.0, 419.0)","(425.0, 315.0)","(442.0, 364.0)"
"(50.0, 298.0)","(73.0, 475.0)","(127.0, 376.0)","(110.0, 396.0)","(227.5, 418.0)","(238.5, 341.0)","(322.0, 466.0)","(321.0, 289.0)","(435.0, 419.0)","(426.0, 315.0)","(444.0, 364.0)"
"(50.0, 297.0)","(73.0, 476.0)","(129.0, 374.0)","(112.0, 398.0)","(230.0, 420.0)","(239.0, 340.0)","(324.5, 466.0)","(322.0, 288.5)","(437.0, 419.0)","(427.0, 315.5)","(445.0, 364.0)"
"(50.0, 296.0)","(74.0, 478.0)","(129.0, 374.0)","(114.0, 400.0)","(232.0, 422.0)","(240.0, 340.0)","(326.0, 468.0)","(323.0, 288.5)","(438.0, 419.0)","(427.0, 315.5)","(446.0, 364.0)"
"(50.0, 297.0)","(75.0, 479.0)","(129.0, 372.5)","(115.0, 400.0)","(233.0, 423.5)","(240.0, 340.0)","(328.0, 469.5)","(324.0, 289.0)","(439.0, 419.0)","(427.5, 315.5)","(446.0, 364.0)"
"(52.0, 297.0)","(75.0, 479.0)","(130.0, 372.0)","(116.0, 401.5)","(235.0, 424.0)","(241.0, 339.0)","(328.0, 470.0)","(324.0, 288.0)","(440.0, 419.0)","(430.0, 316.0)","(447.5, 364.0)"
"(52.0, 296.0)","(75.0, 479.0)","(131.0, 372.0)","(117.0, 402.0)","(235.0, 424.5)","(242.0, 338.0)","(328.5, 470.0)","(325.0, 288.0)","(441.0, 419.0)","(431.0, 316.0)","(448.0, 364.0)"
"(52.0, 295.0)","(75.0, 480.0)","(130.0, 371.0)","(117.0, 402.0)","(235.0, 425.5)","(242.0, 338.0)","(330.0, 470.0)","(325.0, 288.0)","(441.0, 419.0)","(431.0, 316.0)","(448.0, 364.0)"
"(52.0, 295.0)","(74.0, 480.0)","(131.0, 370.5)","(117.0, 402.0)","(235.0, 426.0)","(242.0, 337.5)","(329.0, 471.0)","(325.0, 287.5)","(441.0, 419.0)","(431.0, 315.0)","(448.0, 364.0)"
"(52.0, 295.0)","(73.5, 481.0)","(131.0, 370.0)","(117.0, 403.5)","(235.0, 426.0)","(242.0, 336.0)","(331.0, 471.0)","(327.0, 286.0)","(441.0, 419.0)","(431.0, 315.0)","(448.5, 364.0)"
"(52.0, 294.0)","(73.0, 481.0)","(131.5, 370.0)","(117.0, 404.0)","(235.0, 426.0)","(242.0, 336.0)","(331.0, 471.0)","(327.0, 286.0)","(441.0, 419.0)","(431.0, 315.0)","(448.5, 364.0)"
"(52.0, 293.0)","(73.0, 481.0)","(132.0, 368.5)","(118.0, 404.0)","(235.0, 426.0)","(244.0, 335.0)","(331.0, 471.5)","(327.0, 286.0)","(442.0, 419.0)","(431.0, 314.0)","(450.0, 364.0)"
"(52.0, 293.0)","(73.0, 481.0)","(135.0, 368.0)","(118.0, 404.0)","(236.0, 426.5)","(246.0, 335.0)","(329.5, 471.5)","(329.0, 285.0)","(443.0, 419.0)","(433.0, 314.0)","(450.0, 365.0)"
"(54.0, 294.0)","(75.0, 481.0)","(136.0, 368.0)","(119.0, 404.0)","(237.0, 427.5)","(247.5, 333.0)","(332.0, 472.0)","(331.0, 284.0)","(443.0, 419.0)","(435.0, 314.0)","(452.0, 365.0)"
"(54.0, 294.0)","(75.0, 481.0)","(138.0, 367.5)","(120.0, 404.0)","(237.0, 428.0)","(249.5, 333.0)","(331.0, 472.0)","(331.5, 283.5)","(445.0, 419.0)","(436.5, 314.0)","(452.0, 364.0)"
"(56.0, 294.0)","(75.0, 481.0)","(141.0, 366.0)","(123.0, 404.0)","(239.0, 428.0)","(252.0, 331.0)","(334.0, 472.0)","(336.0, 282.0)","(446.0, 420.0)","(439.0, 315.0)","(454.5, 364.0)"
"(58.0, 294.0)","(77.0, 482.0)","(145.0, 363.5)","(126.0, 406.0)","(242.5, 428.5)","(256.0, 329.0)","(337.0, 472.0)","(340.0, 280.0)","(449.0, 420.0)","(443.0, 315.0)","(458.0, 364.0)"
"(60.0, 293.0)","(79.0, 484.0)","(149.0, 361.5)","(130.0, 409.0)","(247.0, 432.0)","(260.0, 327.0)","(340.5, 474.0)","(344.0, 280.0)","(452.0, 420.0)","(446.5, 315.5)","(460.0, 366.0)"
"(62.0, 291.0)","(80.0, 488.0)","(152.0, 359.0)","(133.0, 414.0)","(249.0, 436.0)","(263.0, 325.0)","(345.0, 476.0)","(347.0, 278.5)","(455.5, 421.0)","(449.0, 316.0)","(462.0, 366.0)"
"(63.0, 288.5)","(81.0, 494.0)","(156.0, 356.0)","(136.0, 420.0)","(252.0, 440.5)","(266.0, 323.0)","(348.0, 479.5)","(350.0, 278.0)","(458.0, 421.0)","(451.0, 316.0)","(463.0, 367.0)"
"(64.0, 285.0)","(81.0, 500.0)","(158.0, 352.0)","(137.0, 427.0)","(255.0, 446.0)","(267.0, 319.0)","(351.0, 482.0)","(353.0, 276.0)","(460.0, 422.0)","(454.0, 317.0)",0
"(64.0, 281.0)","(80.0, 508.0)","(161.0, 347.5)","(138.0, 434.0)","(255.0, 450.5)","(270.0, 315.0)","(353.0, 484.0)","(354.0, 272.5)","(460.0, 421.0)","(456.0, 316.0)",0
"(65.0, 278.5)","(79.0, 514.0)","(163.0, 342.0)","(137.0, 441.0)","(255.0, 456.0)","(272.0, 311.0)","(354.0, 486.0)","(358.0, 270.0)","(461.0, 421.0)","(449.5, 308.5)",0
