"(153.0, 825.0)","(249.0, 621.0)","(381.0, 427.0)","(538.0, 269.5)","(744.0, 175.0)","(967.0, 167.0)","(1181.0, 218.0)","(1373.0, 316.0)","(1544.0, 453.0)","(1673.0, 633.0)","(1743.0, 829.0)"
"(153.0, 825.0)","(248.0, 622.0)","(381.0, 427.0)","(537.0, 269.0)","(743.0, 174.0)","(968.0, 167.0)","(1183.0, 218.0)","(1374.0, 315.0)","(1544.0, 453.0)","(1674.0, 633.0)","(1743.0, 829.0)"
"(153.0, 824.0)","(249.0, 621.0)","(382.5, 427.0)","(538.0, 269.5)","(743.0, 174.5)","(968.0, 167.0)","(1182.0, 218.0)","(1373.0, 315.5)","(1544.0, 454.0)","(1674.0, 633.0)","(1743.0, 830.0)"
"(152.0, 824.0)","(248.0, 621.0)","(381.5, 427.0)","(537.0, 269.0)","(744.0, 174.0)","(969.0, 167.0)","(1182.0, 217.5)","(1373.0, 315.0)","(1544.0, 453.0)","(1675.0, 633.0)","(1743.0, 829.0)"
"(153.0, 825.0)","(248.0, 621.0)","(383.0, 427.0)","(538.0, 269.0)","(744.0, 174.0)","(968.0, 167.0)","(1182.0, 217.5)","(1373.0, 315.0)","(1544.0, 454.0)","(1675.0, 632.0)","(1743.0, 830.0)"
"(153.0, 825.0)","(248.0, 621.0)","(382.0, 427.0)","(538.0, 269.5)","(745.0, 174.0)","(966.0, 167.0)","(1181.0, 217.5)","(1373.0, 315.0)","(1544.0, 453.0)","(1675.0, 633.0)","(1743.0, 830.0)"
"(152.0, 825.0)","(247.5, 621.0)","(382.0, 427.0)","(538.0, 269.0)","(743.0, 174.0)","(968.0, 167.0)","(1181.0, 217.0)","(1373.0, 315.0)","(1544.0, 453.0)","(1675.0, 632.0)","(1744.0, 829.0)"
"(154.0, 824.0)","(248.0, 622.0)","(382.0, 427.0)","(538.0, 268.5)","(744.0, 174.0)","(967.0, 166.5)","(1181.0, 217.0)","(1373.0, 315.0)","(1544.0, 453.0)","(1675.0, 634.0)","(1744.0, 830.0)"
"(154.0, 825.0)","(248.0, 621.0)","(381.0, 426.0)","(538.0, 268.5)","(744.0, 174.0)","(967.0, 166.5)","(1181.0, 216.5)","(1374.0, 315.0)","(1545.0, 452.0)","(1675.0, 633.0)","(1745.0, 829.0)"
"(154.0, 824.0)","(249.0, 621.0)","(381.0, 426.5)","(538.0, 269.5)","(744.0, 174.0)","(966.0, 166.0)","(1181.0, 216.5)","(1373.0, 316.0)","(1545.0, 452.0)","(1675.0, 634.0)","(1744.0, 829.0)"
"(154.0, 824.0)","(249.0, 621.0)","(381.0, 426.0)","(537.0, 268.0)","(743.0, 174.0)","(967.0, 166.0)","(1181.0, 216.5)","(1373.0, 315.0)","(1545.0, 452.0)","(1675.0, 634.0)","(1745.0, 828.0)"
"(154.0, 825.0)","(249.0, 621.0)","(381.0, 427.0)","(539.0, 269.0)","(743.0, 174.0)","(965.0, 166.0)","(1181.0, 216.5)","(1373.0, 315.0)","(1545.0, 453.0)","(1675.0, 633.0)","(1744.0, 828.0)"
"(154.0, 824.0)","(249.0, 621.0)","(381.0, 426.0)","(538.5, 270.0)","(743.0, 173.0)","(967.0, 166.0)","(1181.0, 217.0)","(1373.0, 315.0)","(1544.0, 453.0)","(1675.0, 633.0)","(1744.0, 828.0)"
"(154.0, 824.0)","(249.0, 621.0)","(381.0, 427.0)","(538.5, 269.0)","(742.0, 174.0)","(967.0, 166.0)","(1181.0, 216.5)","(1373.0, 315.0)","(1544.0, 452.0)","(1675.0, 634.0)","(1744.0, 827.0)"
"(154.0, 825.0)","(249.0, 621.5)","(381.0, 427.0)","(539.0, 269.0)","(744.0, 174.5)","(966.0, 166.5)","(1181.0, 216.5)","(1373.0, 315.0)","(1544.0, 452.0)","(1675.0, 631.0)","(1743.0, 828.0)"
"(154.0, 826.0)","(249.0, 621.0)","(381.0, 427.0)","(539.0, 269.0)","(743.0, 176.0)","(967.0, 166.5)","(1181.0, 216.5)","(1373.0, 315.0)","(1544.0, 453.0)","(1675.0, 632.0)","(1743.0, 831.0)"
"(154.0, 824.0)","(249.0, 621.0)","(383.0, 427.0)","(539.0, 268.5)","(744.0, 173.0)","(966.0, 166.0)","(1181.0, 216.5)","(1373.0, 315.0)","(1545.0, 453.0)","(1675.0, 635.0)","(1744.0, 828.0)"
"(153.0, 825.0)","(249.0, 622.0)","(382.5, 427.0)","(539.0, 269.0)","(743.0, 174.5)","(966.0, 166.0)","(1181.0, 216.5)","(1373.0, 315.0)","(1544.0, 454.0)","(1675.0, 633.0)","(1744.0, 829.0)"
"(153.0, 826.0)","(249.0, 622.0)","(382.5, 427.0)","(539.0, 269.0)","(744.0, 174.0)","(966.0, 166.0)","(1181.0, 216.5)","(1374.0, 316.0)","(1545.0, 454.0)","(1675.0, 635.0)","(1744.0, 828.0)"
"(154.0, 825.0)","(249.0, 623.0)","(382.0, 427.0)","(539.0, 269.0)","(744.0, 174.0)","(967.0, 166.0)","(1181.0, 217.0)","(1374.0, 316.0)","(1545.0, 454.0)","(1675.0, 633.0)","(1744.0, 828.0)"
"(154.0, 825.0)","(249.0, 622.0)","(382.0, 427.0)","(539.0, 270.0)","(744.0, 174.0)","(967.0, 166.0)","(1181.0, 216.5)","(1374.0, 315.0)","(1546.0, 454.0)","(1675.0, 635.0)","(1744.0, 828.0)"
"(154.0, 825.0)","(249.0, 622.0)","(382.5, 427.0)","(539.0, 270.0)","(743.0, 175.0)","(967.0, 166.0)","(1181.5, 217.0)","(1373.0, 315.0)","(1546.0, 453.0)","(1674.0, 633.0)","(1743.0, 827.0)"
"(154.0, 825.0)","(249.0, 624.0)","(382.0, 428.0)","(539.0, 270.0)","(744.0, 175.0)","(968.0, 166.5)","(1182.0, 217.0)","(1373.0, 315.0)","(1545.0, 452.0)","(1675.0, 634.0)","(1743.0, 828.5)"
"(154.0, 825.0)","(249.0, 623.0)","(382.0, 427.0)","(539.0, 270.0)","(745.0, 174.0)","(967.0, 166.5)","(1183.0, 218.0)","(1373.0, 315.5)","(1544.0, 452.5)","(1675.0, 635.0)","(1744.0, 828.5)"
"(154.0, 825.0)","(249.0, 621.0)","(383.0, 427.0)","(538.0, 269.5)","(743.5, 174.0)","(968.0, 166.0)","(1183.0, 217.0)","(1373.0, 315.0)","(1545.0, 452.0)","(1675.0, 633.0)","(1743.0, 828.0)"
"(154.0, 825.0)","(249.0, 621.0)","(383.0, 427.0)","(538.0, 269.5)","(743.5, 174.0)","(968.0, 166.0)","(1183.0, 216.0)","(1373.0, 315.0)","(1545.0, 452.0)","(1675.0, 633.0)","(1743.0, 828.0)"
"(154.0, 825.0)","(249.0, 621.0)","(383.0, 427.0)","(538.0, 269.0)","(743.0, 174.5)","(965.0, 167.0)","(1181.5, 216.5)","(1373.0, 315.0)","(1544.0, 454.0)","(1675.0, 634.0)","(1743.0, 828.0)"
"(154.0, 825.0)","(249.0, 621.0)","(383.0, 427.0)","(538.0, 269.0)","(742.0, 174.5)","(965.0, 166.5)","(1181.0, 216.5)","(1373.0, 315.0)","(1543.0, 453.0)","(1675.0, 633.0)","(1743.0, 828.0)"
"(154.0, 825.0)","(249.0, 621.0)","(383.0, 426.0)","(538.0, 269.0)","(742.0, 174.5)","(966.0, 167.0)","(1181.5, 216.5)","(1373.0, 315.0)","(1543.0, 453.0)","(1675.0, 634.0)","(1743.0, 829.0)"
"(154.0, 826.0)","(249.0, 622.0)","(383.0, 426.5)","(538.0, 269.0)","(742.5, 174.0)","(965.0, 167.5)","(1181.5, 218.0)","(1373.0, 315.0)","(1544.0, 453.0)","(1675.0, 633.0)","(1743.0, 829.0)"
"(154.0, 824.0)","(249.0, 622.0)","(382.0, 426.5)","(538.0, 270.0)","(743.0, 174.0)","(966.0, 167.5)","(1181.5, 218.0)","(1373.0, 315.0)","(1545.0, 452.0)","(1675.0, 632.0)","(1743.0, 829.0)"
"(154.0, 824.0)","(249.0, 622.0)","(382.0, 426.5)","(538.0, 270.0)","(745.0, 174.0)","(966.0, 167.5)","(1181.0, 218.0)","(1373.0, 315.0)","(1544.0, 452.0)","(1675.0, 633.0)","(1743.0, 828.0)"
"(153.0, 826.0)","(250.5, 621.0)","(382.0, 427.0)","(538.5, 270.0)","(742.0, 174.5)","(968.0, 167.0)","(1181.0, 217.0)","(1373.0, 316.0)","(1543.0, 453.0)","(1674.0, 633.0)","(1741.0, 830.0)"
"(153.0, 826.0)","(250.5, 621.0)","(382.0, 428.0)","(538.5, 269.0)","(742.0, 174.5)","(968.0, 167.0)","(1181.0, 218.0)","(1373.0, 316.0)","(1544.0, 453.0)","(1674.0, 633.0)","(1741.0, 829.0)"
"(153.0, 826.0)","(250.5, 621.0)","(382.0, 428.0)","(538.0, 269.0)","(742.0, 174.5)","(968.0, 167.0)","(1182.0, 218.0)","(1372.0, 316.0)","(1544.0, 453.0)","(1674.0, 633.0)","(1741.0, 829.0)"
"(152.0, 826.0)","(249.5, 621.0)","(382.0, 427.0)","(538.0, 269.0)","(742.5, 174.5)","(968.0, 167.0)","(1182.0, 218.0)","(1373.0, 315.0)","(1544.0, 453.0)","(1674.0, 633.0)","(1741.0, 828.0)"
"(152.0, 826.5)","(249.5, 621.0)","(382.0, 427.0)","(538.0, 269.0)","(743.0, 174.5)","(968.0, 167.0)","(1184.0, 218.0)","(1373.0, 315.0)","(1544.0, 453.0)","(1674.0, 633.0)","(1741.0, 828.0)"
"(153.0, 826.5)","(250.5, 622.0)","(382.0, 427.0)","(538.5, 269.0)","(744.0, 174.5)","(967.0, 167.0)","(1182.5, 217.0)","(1373.0, 315.0)","(1543.0, 452.0)","(1676.0, 636.0)","(1742.0, 830.0)"
"(152.0, 826.5)","(249.5, 622.0)","(382.0, 427.0)","(538.5, 269.0)","(744.0, 174.5)","(967.0, 167.0)","(1183.0, 217.0)","(1373.0, 316.0)","(1544.0, 452.0)","(1676.0, 635.0)","(1742.0, 830.0)"
"(153.0, 826.5)","(249.5, 621.0)","(382.0, 427.0)","(538.5, 269.0)","(743.0, 174.5)","(967.0, 167.0)","(1182.0, 217.0)","(1373.0, 316.0)","(1544.0, 452.0)","(1676.0, 635.0)","(1742.0, 830.0)"
"(153.0, 826.5)","(249.5, 621.0)","(382.0, 427.0)","(538.5, 269.0)","(743.0, 174.5)","(968.0, 167.0)","(1182.5, 217.0)","(1373.0, 316.0)","(1544.0, 453.0)","(1676.0, 634.0)","(1742.0, 829.0)"
"(153.0, 826.5)","(250.0, 621.0)","(382.0, 426.0)","(538.5, 270.0)","(743.0, 174.5)","(967.0, 167.0)","(1181.5, 217.0)","(1373.0, 316.0)","(1543.0, 453.0)","(1675.0, 634.0)","(1743.0, 830.0)"
"(153.0, 826.5)","(250.0, 621.0)","(382.0, 426.0)","(539.0, 269.5)","(744.0, 174.5)","(968.0, 167.0)","(1183.0, 217.0)","(1373.0, 316.0)","(1544.0, 453.0)","(1675.0, 633.0)","(1743.0, 829.0)"
"(153.0, 826.5)","(250.0, 620.0)","(382.0, 427.0)","(538.0, 269.5)","(744.0, 174.5)","(967.0, 167.0)","(1182.0, 217.0)","(1372.0, 315.0)","(1544.0, 451.5)","(1675.0, 633.0)","(1743.5, 830.0)"
"(153.0, 826.5)","(250.0, 621.0)","(382.0, 427.0)","(538.0, 269.5)","(743.0, 174.5)","(968.0, 167.0)","(1183.0, 217.0)","(1373.0, 316.0)","(1544.0, 452.0)","(1675.0, 633.0)","(1743.5, 829.0)"
"(153.0, 826.5)","(249.5, 622.0)","(382.0, 427.0)","(538.0, 269.5)","(743.0, 174.0)","(967.5, 167.0)","(1183.0, 217.0)","(1372.0, 316.0)","(1544.0, 452.0)","(1675.0, 634.0)","(1743.0, 829.0)"
"(153.0, 826.5)","(250.5, 622.0)","(383.0, 426.0)","(538.0, 269.0)","(743.0, 175.0)","(967.0, 167.0)","(1183.0, 217.0)","(1372.0, 316.0)","(1543.0, 452.0)","(1675.0, 634.0)","(1743.0, 829.0)"
"(153.0, 826.5)","(249.0, 622.0)","(382.0, 427.0)","(539.0, 270.0)","(744.0, 175.0)","(967.0, 167.0)","(1181.0, 217.0)","(1372.0, 316.0)","(1543.0, 453.0)","(1675.0, 634.0)","(1744.0, 829.0)"
"(153.0, 827.0)","(249.5, 623.0)","(383.5, 427.0)","(539.0, 270.0)","(744.0, 175.0)","(967.0, 167.0)","(1181.0, 217.0)","(1373.0, 316.0)","(1544.0, 453.0)","(1675.0, 633.0)","(1744.0, 830.0)"
"(153.0, 827.0)","(249.5, 622.0)","(383.5, 427.0)","(539.0, 269.0)","(744.0, 175.0)","(967.0, 167.0)","(1181.0, 217.0)","(1372.0, 316.0)","(1544.0, 454.0)","(1675.0, 633.0)","(1744.0, 829.0)"
"(153.0, 827.5)","(248.5, 622.0)","(382.0, 428.0)","(538.0, 269.0)","(742.5, 175.0)","(968.0, 167.0)","(1181.0, 217.0)","(1373.0, 317.0)","(1544.0, 453.5)","(1674.0, 634.0)","(1743.0, 829.0)"
"(153.0, 828.5)","(248.5, 621.0)","(383.5, 427.0)","(539.0, 268.0)","(742.5, 175.0)","(968.0, 167.0)","(1182.0, 217.0)","(1373.0, 315.0)","(1543.0, 453.0)","(1674.0, 634.0)","(1743.0, 829.0)"
"(153.0, 828.0)","(248.5, 621.0)","(383.5, 427.0)","(539.0, 268.0)","(742.5, 175.0)","(968.0, 167.0)","(1182.0, 217.0)","(1373.0, 315.0)","(1544.0, 453.0)","(1674.0, 635.0)","(1743.0, 829.0)"
"(153.0, 828.5)","(248.5, 621.0)","(383.5, 426.0)","(538.0, 269.0)","(741.0, 175.0)","(968.0, 167.0)","(1181.0, 217.0)","(1372.0, 315.0)","(1544.0, 454.0)","(1675.0, 633.0)","(1743.0, 828.0)"
"(153.0, 828.0)","(249.0, 622.0)","(383.0, 426.0)","(539.0, 269.0)","(742.0, 175.0)","(968.0, 167.0)","(1182.5, 218.0)","(1373.0, 315.0)","(1543.0, 453.0)","(1675.0, 634.0)","(1744.0, 828.0)"
"(153.0, 828.0)","(249.0, 622.0)","(382.0, 426.0)","(539.0, 269.5)","(743.0, 175.0)","(967.0, 168.0)","(1182.0, 217.0)","(1374.0, 318.0)","(1543.0, 454.0)","(1675.0, 634.0)","(1744.0, 830.0)"
"(153.0, 828.0)","(249.0, 622.0)","(382.0, 426.0)","(538.0, 269.5)","(744.0, 175.0)","(968.0, 167.5)","(1183.5, 217.0)","(1373.0, 315.0)","(1544.0, 452.0)","(1675.0, 633.0)","(1744.0, 829.0)"
"(153.0, 827.5)","(249.0, 622.0)","(382.0, 426.5)","(539.0, 269.5)","(744.0, 175.0)","(968.0, 167.0)","(1182.0, 217.0)","(1373.0, 315.0)","(1544.0, 452.5)","(1675.0, 633.0)","(1744.0, 829.0)"
"(153.0, 827.5)","(249.0, 622.0)","(382.0, 426.5)","(539.0, 269.5)","(743.0, 175.0)","(968.0, 167.0)","(1183.0, 217.0)","(1373.0, 316.0)","(1544.0, 452.5)","(1675.0, 633.0)","(1744.0, 829.0)"
"(153.0, 827.5)","(249.0, 622.0)","(382.0, 427.5)","(539.0, 268.5)","(743.0, 175.0)","(968.0, 167.0)","(1184.0, 217.0)","(1373.0, 316.0)","(1545.0, 452.5)","(1675.0, 634.0)","(1744.0, 829.0)"
"(153.0, 827.5)","(249.0, 622.0)","(382.0, 427.0)","(539.0, 268.5)","(743.0, 174.0)","(968.0, 167.0)","(1183.0, 217.0)","(1373.0, 316.0)","(1545.0, 452.5)","(1675.0, 634.0)","(1744.0, 829.0)"
"(153.0, 824.0)","(249.0, 622.0)","(383.0, 426.0)","(538.0, 268.0)","(743.0, 174.0)","(969.0, 166.0)","(1182.0, 217.0)","(1373.0, 315.5)","(1544.0, 452.5)","(1675.0, 634.0)","(1744.0, 827.0)"
"(153.0, 825.0)","(249.0, 621.0)","(383.0, 427.0)","(538.0, 269.0)","(745.0, 174.0)","(968.5, 166.0)","(1182.0, 217.0)","(1373.0, 314.5)","(1544.0, 453.0)","(1675.0, 634.0)","(1743.0, 829.0)"
"(153.0, 825.0)","(249.5, 621.0)","(383.0, 427.0)","(538.0, 268.0)","(744.0, 175.0)","(967.0, 166.0)","(1182.0, 217.0)","(1373.0, 314.5)","(1543.0, 453.0)","(1675.0, 636.0)","(1743.0, 829.0)"
"(153.0, 824.0)","(249.0, 621.0)","(383.0, 428.0)","(538.0, 268.0)","(744.0, 175.0)","(967.0, 166.0)","(1181.0, 217.0)","(1373.0, 314.5)","(1543.0, 452.5)","(1675.0, 635.0)","(1743.0, 829.0)"
"(153.0, 824.0)","(249.0, 621.0)","(383.0, 426.5)","(539.0, 268.0)","(745.0, 175.0)","(967.5, 166.0)","(1182.0, 217.0)","(1373.0, 314.5)","(1544.0, 452.5)","(1675.0, 635.0)","(1743.0, 829.0)"
"(153.0, 824.0)","(249.0, 621.0)","(383.0, 427.0)","(539.0, 268.0)","(744.0, 174.5)","(968.0, 166.0)","(1183.5, 217.0)","(1374.0, 314.0)","(1544.0, 452.5)","(1675.0, 633.0)","(1742.5, 827.0)"
"(153.0, 825.0)","(249.0, 621.0)","(383.0, 426.0)","(539.0, 268.0)","(744.0, 174.5)","(967.0, 166.0)","(1183.0, 217.0)","(1373.0, 314.5)","(1544.0, 453.0)","(1675.0, 634.0)","(1742.5, 829.0)"
"(154.0, 824.0)","(249.5, 621.0)","(383.0, 427.0)","(538.5, 268.5)","(744.0, 174.5)","(967.0, 166.0)","(1183.0, 217.0)","(1374.0, 314.0)","(1543.0, 453.0)","(1675.0, 635.0)","(1742.5, 829.0)"
"(153.0, 824.0)","(249.0, 621.0)","(382.0, 427.0)","(538.5, 268.5)","(744.0, 174.5)","(967.0, 166.0)","(1183.0, 217.0)","(1373.0, 314.0)","(1543.0, 453.0)","(1675.0, 635.0)","(1742.5, 829.0)"
"(153.0, 824.0)","(249.0, 622.0)","(382.0, 426.0)","(539.0, 269.0)","(744.0, 174.5)","(967.0, 166.0)","(1183.0, 217.0)","(1373.0, 314.0)","(1544.0, 453.0)","(1675.0, 633.0)","(1743.0, 828.0)"
"(153.0, 824.0)","(249.0, 621.0)","(382.0, 426.0)","(539.0, 269.0)","(743.0, 175.0)","(968.0, 166.0)","(1183.0, 217.0)","(1374.0, 314.0)","(1544.0, 453.0)","(1675.0, 634.0)","(1742.5, 827.0)"
"(153.0, 824.0)","(249.0, 621.0)","(382.0, 426.0)","(539.0, 269.0)","(745.0, 175.0)","(968.0, 166.0)","(1183.0, 217.0)","(1372.0, 314.0)","(1543.0, 453.0)","(1675.0, 633.0)","(1742.5, 828.0)"
"(153.0, 824.0)","(249.0, 621.0)","(383.0, 426.0)","(539.0, 269.0)","(745.0, 175.0)","(967.0, 166.0)","(1183.0, 217.0)","(1373.0, 315.0)","(1543.0, 453.0)","(1675.0, 635.0)","(1743.0, 829.0)"
"(153.0, 824.0)","(249.5, 621.0)","(382.0, 426.0)","(538.0, 269.0)","(744.0, 175.0)","(969.0, 166.0)","(1183.0, 217.0)","(1372.0, 315.0)","(1544.0, 453.0)","(1675.0, 634.0)","(1743.0, 829.0)"
"(153.0, 824.0)","(249.5, 621.0)","(382.0, 426.0)","(538.0, 269.0)","(743.0, 174.0)","(968.0, 166.0)","(1183.0, 217.0)","(1372.0, 315.0)","(1544.5, 453.0)","(1675.0, 634.0)","(1743.0, 829.0)"
"(153.0, 824.0)","(249.5, 622.0)","(383.0, 426.0)","(538.0, 269.0)","(744.0, 175.0)","(969.0, 166.0)","(1183.0, 217.0)","(1372.0, 314.5)","(1544.5, 453.0)","(1675.0, 634.0)","(1743.0, 829.0)"
"(153.0, 825.0)","(249.5, 622.0)","(381.0, 427.0)","(538.0, 269.0)","(743.0, 175.0)","(969.0, 166.0)","(1182.0, 217.0)","(1373.0, 315.0)","(1544.5, 453.0)","(1674.0, 633.0)","(1743.0, 829.0)"
"(154.0, 825.0)","(249.5, 622.0)","(381.0, 426.0)","(538.0, 269.0)","(744.0, 175.0)","(969.0, 166.0)","(1182.0, 217.0)","(1373.0, 315.0)","(1544.5, 453.0)","(1675.0, 633.0)","(1742.0, 829.0)"
"(153.0, 825.0)","(249.5, 621.0)","(381.0, 426.0)","(538.0, 269.0)","(743.0, 175.0)","(969.0, 166.0)","(1182.0, 217.0)","(1373.0, 315.0)","(1544.5, 453.0)","(1674.0, 633.0)","(1742.0, 829.0)"
"(153.0, 825.0)","(249.0, 621.0)","(381.0, 426.0)","(537.0, 269.0)","(744.0, 175.0)","(968.0, 166.0)","(1182.0, 217.0)","(1374.0, 315.0)","(1544.5, 453.0)","(1675.0, 633.0)","(1742.0, 829.0)"
"(153.0, 825.0)","(249.0, 621.0)","(381.0, 426.5)","(537.0, 269.5)","(744.0, 175.0)","(969.0, 166.0)","(1182.0, 217.0)","(1373.0, 314.0)","(1544.5, 453.0)","(1674.0, 635.0)","(1742.0, 828.0)"
"(153.0, 825.0)","(249.0, 621.0)","(381.0, 426.0)","(538.0, 269.0)","(744.0, 175.0)","(969.0, 166.0)","(1182.0, 217.0)","(1373.0, 314.0)","(1545.0, 453.0)","(1675.0, 633.0)","(1742.0, 828.0)"
"(153.0, 825.0)","(249.0, 621.0)","(381.0, 426.5)","(538.0, 269.0)","(744.0, 175.0)","(968.0, 166.0)","(1182.0, 217.0)","(1374.0, 314.0)","(1544.5, 453.0)","(1674.0, 633.0)","(1742.0, 828.0)"
"(154.0, 825.0)","(249.0, 622.0)","(382.0, 426.0)","(538.0, 270.0)","(743.0, 175.0)","(967.0, 166.0)","(1183.0, 217.0)","(1374.0, 314.0)","(1544.0, 453.0)","(1675.0, 633.0)","(1742.0, 829.0)"
"(153.0, 824.0)","(249.0, 622.0)","(381.0, 426.5)","(538.0, 269.0)","(743.0, 175.0)","(967.0, 166.0)","(1183.0, 217.0)","(1374.0, 314.0)","(1545.0, 453.0)","(1674.0, 633.0)","(1742.0, 829.0)"
"(153.0, 825.0)","(249.0, 622.0)","(382.0, 426.0)","(538.0, 269.5)","(744.0, 175.0)","(967.0, 166.0)","(1181.0, 217.0)","(1373.0, 314.0)","(1543.0, 453.0)","(1675.0, 633.0)","(1742.0, 828.0)"
"(153.0, 824.0)","(249.0, 622.0)","(381.0, 426.5)","(538.0, 268.0)","(743.0, 175.0)","(967.0, 166.0)","(1182.0, 217.0)","(1374.0, 316.0)","(1543.5, 453.0)","(1674.0, 632.0)","(1742.0, 829.0)"
"(153.0, 824.0)","(249.0, 623.0)","(382.0, 426.5)","(538.0, 268.0)","(743.0, 175.0)","(967.0, 166.0)","(1183.0, 217.0)","(1374.0, 316.0)","(1544.0, 453.0)","(1674.0, 632.0)","(1742.0, 828.0)"
"(153.0, 824.0)","(249.0, 623.0)","(382.0, 426.0)","(538.0, 268.0)","(743.0, 175.0)","(967.0, 166.0)","(1182.0, 217.0)","(1374.0, 316.0)","(1543.0, 453.0)","(1675.0, 636.0)","(1742.0, 829.0)"
"(153.0, 824.0)","(249.0, 623.0)","(383.0, 426.0)","(538.0, 269.0)","(743.0, 174.0)","(967.0, 166.0)","(1182.0, 217.0)","(1374.0, 315.0)","(1544.0, 453.0)","(1676.0, 635.5)","(1743.0, 828.5)"
"(153.0, 825.0)","(249.0, 623.0)","(383.0, 427.0)","(538.0, 269.5)","(744.0, 174.0)","(967.0, 166.0)","(1183.0, 217.0)","(1374.0, 315.0)","(1545.0, 453.0)","(1675.0, 636.0)","(1743.0, 828.0)"
"(153.0, 825.0)","(249.5, 621.5)","(383.0, 427.0)","(538.0, 269.0)","(744.0, 175.0)","(968.0, 167.0)","(1182.0, 217.0)","(1373.0, 316.0)","(1543.0, 452.0)","(1674.0, 634.0)","(1743.0, 828.0)"
"(153.0, 825.0)","(249.5, 621.0)","(383.0, 427.0)","(538.0, 269.0)","(743.0, 175.0)","(968.0, 167.0)","(1182.0, 218.0)","(1372.0, 316.0)","(1543.0, 452.0)","(1675.0, 634.0)","(1743.0, 829.0)"
"(153.0, 825.0)","(249.5, 621.5)","(383.0, 426.5)","(538.0, 269.0)","(743.0, 175.0)","(967.0, 167.0)","(1182.0, 218.0)","(1372.0, 316.0)","(1544.0, 453.0)","(1675.0, 634.0)","(1743.0, 829.0)"
"(153.0, 825.0)","(249.5, 621.0)","(382.5, 426.0)","(537.5, 269.0)","(743.0, 175.0)","(967.0, 167.0)","(1182.0, 218.0)","(1372.0, 316.0)","(1543.0, 452.0)","(1675.0, 634.0)","(1742.0, 828.0)"
"(153.0, 825.0)","(249.5, 621.0)","(383.0, 426.0)","(537.0, 269.0)","(743.0, 175.0)","(967.0, 167.0)","(1182.0, 218.0)","(1373.0, 316.0)","(1543.0, 452.0)","(1676.0, 634.0)","(1743.0, 829.0)"
"(153.0, 825.0)","(249.5, 622.0)","(382.0, 427.0)","(539.0, 269.0)","(744.0, 175.0)","(967.0, 167.0)","(1182.0, 217.0)","(1374.0, 316.0)","(1543.0, 453.0)","(1676.0, 634.0)","(1743.0, 829.0)"
"(153.0, 825.0)","(249.0, 622.0)","(382.5, 426.0)","(538.0, 269.0)","(744.0, 175.0)","(967.0, 167.5)","(1183.0, 218.0)","(1374.0, 315.0)","(1544.0, 453.0)","(1676.0, 634.0)","(1743.0, 828.0)"
"(153.0, 825.0)","(249.5, 622.0)","(382.5, 426.0)","(538.0, 269.0)","(742.0, 175.0)","(966.0, 167.5)","(1182.0, 218.0)","(1374.0, 315.0)","(1544.0, 453.0)","(1676.0, 634.0)","(1742.0, 828.0)"
"(153.0, 825.0)","(249.5, 622.0)","(382.0, 426.0)","(538.0, 269.0)","(742.0, 174.0)","(966.0, 167.5)","(1182.5, 218.0)","(1373.0, 316.0)","(1544.0, 453.0)","(1676.0, 635.0)","(1744.0, 829.0)"
"(153.0, 825.0)","(249.5, 622.0)","(382.0, 426.0)","(538.0, 269.0)","(742.0, 175.0)","(967.0, 167.5)","(1183.0, 218.0)","(1373.0, 315.0)","(1544.0, 453.0)","(1676.0, 635.0)","(1743.0, 829.0)"
"(153.0, 825.0)","(249.0, 622.0)","(382.0, 426.0)","(538.0, 269.0)","(742.0, 175.0)","(968.0, 167.5)","(1183.0, 218.0)","(1373.0, 315.0)","(1544.0, 452.0)","(1676.0, 635.0)","(1742.0, 829.0)"
"(153.5, 823.0)","(249.5, 622.0)","(382.0, 426.0)","(538.0, 268.0)","(742.0, 175.0)","(967.0, 168.0)","(1182.5, 217.0)","(1373.0, 316.0)","(1544.0, 453.0)","(1676.0, 635.0)","(1742.0, 829.0)"
"(153.0, 826.0)","(249.5, 622.0)","(382.0, 427.0)","(538.0, 268.0)","(742.0, 175.0)","(967.0, 168.0)","(1181.5, 217.0)","(1373.0, 316.0)","(1544.0, 453.0)","(1676.0, 634.0)","(1742.0, 829.0)"
"(153.0, 826.0)","(249.5, 622.0)","(383.0, 427.0)","(538.0, 268.0)","(743.0, 175.0)","(967.0, 168.0)","(1184.0, 218.0)","(1373.0, 316.0)","(1544.0, 453.0)","(1676.0, 634.0)","(1742.0, 828.0)"
"(153.0, 825.0)","(249.5, 622.0)","(382.0, 428.0)","(539.0, 268.0)","(743.0, 175.0)","(967.0, 168.0)","(1182.5, 217.0)","(1373.0, 316.0)","(1544.0, 453.0)","(1676.0, 634.0)","(1742.0, 828.0)"
"(154.0, 824.0)","(249.5, 621.0)","(382.0, 428.0)","(538.5, 268.0)","(743.0, 175.0)","(965.0, 168.0)","(1182.0, 218.0)","(1374.0, 317.0)","(1544.0, 453.0)","(1675.0, 635.0)","(1742.0, 829.0)"
"(154.0, 824.0)","(249.0, 621.0)","(383.0, 427.0)","(538.0, 269.0)","(743.0, 174.5)","(967.0, 167.0)","(1183.0, 217.0)","(1374.0, 315.0)","(1544.0, 452.0)","(1675.0, 634.0)","(1742.0, 829.0)"
"(154.0, 824.0)","(249.0, 621.0)","(383.0, 428.0)","(539.0, 269.0)","(743.0, 174.0)","(967.0, 167.0)","(1183.0, 217.0)","(1374.0, 315.0)","(1545.0, 452.0)","(1676.0, 633.0)","(1742.0, 829.0)"
"(154.0, 825.0)","(248.0, 621.0)","(383.0, 428.0)","(539.0, 269.0)","(743.0, 174.0)","(967.0, 167.0)","(1182.0, 217.0)","(1373.0, 315.0)","(1544.0, 452.0)","(1675.0, 633.0)","(1742.0, 829.0)"
"(153.0, 827.0)","(249.0, 623.0)","(383.0, 427.0)","(539.0, 269.0)","(743.0, 174.0)","(968.0, 167.0)","(1182.0, 218.0)","(1373.0, 315.0)","(1544.0, 451.0)","(1676.0, 633.0)","(1743.0, 828.0)"
"(152.0, 826.0)","(249.0, 623.0)","(383.0, 427.0)","(539.0, 269.0)","(743.0, 174.0)","(967.0, 167.0)","(1182.0, 218.0)","(1374.0, 315.0)","(1544.0, 451.0)","(1676.0, 633.0)","(1743.0, 828.0)"
"(153.0, 827.0)","(249.0, 623.0)","(382.0, 426.0)","(539.0, 269.0)","(743.0, 174.0)","(966.0, 167.0)","(1182.0, 218.0)","(1374.0, 315.0)","(1544.0, 451.0)","(1676.0, 633.0)","(1743.0, 829.0)"
"(153.0, 826.0)","(249.0, 623.0)","(382.0, 426.5)","(539.0, 269.0)","(743.0, 175.0)","(966.0, 167.0)","(1182.0, 218.0)","(1374.0, 315.0)","(1543.0, 451.0)","(1676.0, 633.0)","(1743.0, 828.0)"
"(153.0, 826.0)","(249.0, 622.0)","(382.0, 426.0)","(539.0, 269.0)","(742.5, 175.0)","(965.0, 167.0)","(1182.0, 218.0)","(1374.0, 315.0)","(1543.0, 451.0)","(1676.0, 633.0)","(1743.0, 828.0)"
"(154.0, 826.0)","(249.0, 622.5)","(382.0, 427.5)","(539.0, 269.0)","(743.0, 175.0)","(965.0, 167.0)","(1183.0, 218.0)","(1373.0, 315.0)","(1543.0, 451.0)","(1675.0, 633.0)","(1743.0, 828.0)"
"(153.0, 827.0)","(249.0, 622.0)","(382.0, 426.5)","(538.5, 269.0)","(742.5, 175.0)","(966.0, 167.0)","(1184.0, 218.0)","(1373.0, 315.0)","(1543.0, 451.0)","(1676.0, 634.0)","(1743.0, 828.0)"
"(153.0, 827.0)","(249.0, 622.0)","(382.0, 426.0)","(538.0, 269.0)","(744.0, 175.0)","(965.0, 167.0)","(1183.0, 218.0)","(1373.0, 316.0)","(1543.0, 451.0)","(1676.0, 635.0)","(1743.0, 827.0)"
"(154.0, 827.0)","(249.0, 622.0)","(382.0, 426.5)","(538.0, 269.0)","(743.0, 175.0)","(966.0, 167.0)","(1183.0, 216.0)","(1374.0, 313.0)","(1544.0, 449.0)","(1676.0, 631.0)","(1744.0, 826.0)"
"(154.0, 827.0)","(249.0, 622.5)","(382.0, 426.5)","(538.0, 269.0)","(744.0, 175.0)","(966.0, 167.0)","(1183.0, 215.0)","(1374.0, 312.0)","(1546.0, 448.0)","(1677.0, 631.0)","(1744.0, 824.0)"
"(154.0, 826.0)","(249.0, 622.5)","(383.0, 426.0)","(537.0, 269.0)","(744.0, 175.0)","(967.0, 168.0)","(1183.0, 215.0)","(1374.0, 311.5)","(1546.0, 447.0)","(1676.0, 629.0)","(1745.0, 825.0)"
"(154.0, 826.0)","(249.0, 622.5)","(383.0, 426.0)","(537.0, 269.0)","(744.0, 175.0)","(968.0, 168.0)","(1184.0, 216.0)","(1375.0, 311.0)","(1546.0, 448.0)","(1676.0, 630.0)","(1746.0, 823.0)"
"(154.0, 826.0)","(249.0, 622.0)","(383.0, 426.5)","(537.0, 269.0)","(744.0, 175.0)","(967.0, 168.0)","(1183.0, 216.0)","(1376.0, 311.5)","(1546.0, 448.0)","(1677.0, 630.0)","(1745.0, 823.0)"
"(155.0, 825.0)","(249.0, 622.0)","(383.0, 427.0)","(538.0, 269.0)","(743.0, 175.0)","(967.0, 168.0)","(1183.0, 215.5)","(1375.0, 311.0)","(1546.0, 448.0)","(1676.0, 630.0)","(1745.0, 823.0)"
"(153.0, 827.0)","(249.0, 623.0)","(383.0, 427.0)","(538.0, 269.0)","(744.0, 175.0)","(967.0, 168.0)","(1184.0, 215.0)","(1375.0, 311.0)","(1546.0, 447.0)","(1678.0, 629.0)","(1746.0, 823.0)"
"(153.0, 827.0)","(249.0, 623.0)","(383.0, 427.0)","(538.0, 269.0)","(743.0, 175.0)","(967.0, 168.0)","(1183.0, 215.0)","(1375.0, 311.0)","(1546.0, 446.0)","(1679.0, 629.0)","(1747.0, 822.0)"
"(153.0, 825.0)","(249.0, 623.0)","(382.0, 428.0)","(537.0, 269.0)","(742.0, 175.0)","(967.0, 168.0)","(1183.0, 214.0)","(1375.0, 311.0)","(1547.0, 445.0)","(1679.0, 628.0)","(1746.0, 822.0)"
"(157.0, 828.0)","(249.0, 621.0)","(383.0, 428.0)","(537.5, 270.0)","(745.0, 175.0)","(968.0, 167.0)","(1184.0, 213.0)","(1375.0, 309.0)","(1548.0, 445.0)","(1677.0, 628.0)","(1744.0, 821.0)"
"(160.0, 831.0)","(253.0, 626.5)","(384.0, 428.0)","(537.0, 270.0)","(743.0, 175.0)","(967.0, 167.0)","(1182.0, 213.0)","(1376.0, 309.0)","(1547.0, 445.0)","(1677.0, 626.0)","(1743.0, 821.0)"
"(161.0, 832.0)","(253.0, 627.0)","(385.5, 429.0)","(539.0, 270.0)","(743.0, 175.5)","(969.0, 166.5)","(1181.0, 212.5)","(1376.0, 309.0)","(1547.0, 445.0)","(1677.0, 627.0)","(1743.0, 820.0)"
"(162.0, 831.0)","(254.0, 628.0)","(384.5, 430.0)","(538.0, 270.5)","(743.0, 176.0)","(969.0, 166.5)","(1181.0, 212.5)","(1376.0, 309.0)","(1547.0, 445.0)","(1677.0, 626.0)","(1743.0, 820.0)"
"(162.0, 833.0)","(254.5, 628.0)","(386.0, 431.0)","(539.0, 271.5)","(744.0, 176.0)","(969.0, 166.5)","(1181.0, 212.5)","(1376.0, 309.0)","(1547.0, 445.0)","(1677.0, 626.0)","(1743.0, 820.0)"
"(163.0, 835.0)","(255.0, 630.0)","(386.0, 433.0)","(539.0, 273.5)","(743.0, 177.0)","(968.0, 166.5)","(1182.5, 212.0)","(1376.0, 309.0)","(1547.0, 445.0)","(1676.0, 626.0)","(1744.0, 819.0)"
"(163.0, 836.0)","(256.0, 632.0)","(386.0, 433.5)","(539.0, 274.0)","(743.0, 177.0)","(967.0, 165.0)","(1183.0, 210.5)","(1375.0, 305.5)","(1545.0, 443.0)","(1671.0, 628.0)","(1742.0, 821.0)"
"(163.0, 836.0)","(257.0, 634.0)","(385.5, 436.0)","(537.0, 274.0)","(742.0, 175.5)","(964.0, 162.0)","(1181.0, 208.0)","(1372.0, 304.0)","(1541.0, 446.0)","(1663.0, 632.0)","(1740.0, 824.0)"
"(165.5, 838.0)","(259.5, 636.5)","(386.5, 436.0)","(536.5, 273.0)","(740.0, 171.5)","(961.0, 158.5)","(1178.0, 206.0)","(1366.0, 308.0)","(1531.0, 452.0)","(1652.0, 640.0)","(1739.0, 830.0)"
"(166.0, 839.0)","(263.0, 638.0)","(387.5, 436.0)","(535.0, 271.0)","(735.0, 167.5)","(957.0, 154.0)","(1171.0, 206.0)","(1357.0, 313.0)","(1519.0, 463.0)","(1640.0, 651.0)","(1737.0, 835.0)"
"(168.0, 842.0)","(265.0, 639.0)","(387.5, 438.0)","(531.5, 269.5)","(730.0, 163.0)","(952.5, 152.0)","(1165.0, 209.0)","(1348.0, 320.0)","(1506.0, 474.0)","(1629.0, 660.0)","(1736.0, 839.0)"
"(169.0, 844.0)","(267.0, 641.0)","(387.0, 439.0)","(529.0, 268.5)","(728.0, 160.5)","(948.0, 150.0)","(1162.0, 210.0)","(1342.0, 327.0)","(1497.0, 482.0)","(1618.0, 670.0)","(1737.0, 843.0)"
"(173.0, 845.0)","(269.0, 642.0)","(387.0, 439.0)","(527.0, 269.0)","(726.0, 159.0)","(947.0, 149.0)","(1159.0, 212.0)","(1336.0, 332.0)","(1486.0, 492.0)","(1609.0, 680.0)","(1735.0, 845.0)"
"(176.0, 847.5)","(272.0, 645.0)","(387.0, 440.5)","(524.5, 268.0)","(721.0, 156.0)","(943.0, 147.0)","(1154.0, 214.0)","(1330.0, 336.0)","(1478.0, 496.0)","(1601.0, 684.0)","(1733.0, 845.0)"
"(180.0, 851.0)","(275.0, 648.0)","(387.0, 441.5)","(522.0, 266.5)","(718.0, 155.0)","(941.0, 146.0)","(1149.0, 214.0)","(1323.0, 340.0)","(1469.0, 502.0)","(1592.0, 692.0)","(1729.5, 847.0)"
"(185.0, 854.0)","(279.0, 651.0)","(387.5, 443.0)","(520.0, 266.0)","(716.0, 154.0)","(936.0, 146.0)","(1146.0, 218.0)","(1316.0, 348.0)","(1458.0, 513.0)","(1578.0, 703.0)","(1724.0, 848.0)"
"(189.0, 859.0)","(285.0, 655.0)","(389.0, 444.0)","(516.0, 265.0)","(711.0, 150.5)","(933.0, 143.5)","(1138.0, 220.0)","(1305.0, 356.0)","(1441.0, 524.0)","(1565.0, 713.0)","(1720.0, 848.0)"
"(194.0, 863.0)","(291.0, 661.0)","(388.0, 447.0)","(512.5, 264.0)","(703.0, 146.0)","(925.0, 140.0)","(1129.0, 223.0)","(1291.0, 363.0)","(1427.0, 533.0)","(1556.0, 720.0)","(1717.0, 847.0)"
"(198.0, 868.0)","(296.0, 665.0)","(389.0, 450.5)","(509.0, 264.0)","(698.0, 144.0)","(919.0, 139.0)","(1120.0, 228.0)","(1277.0, 372.0)","(1413.0, 543.0)","(1546.0, 729.0)","(1715.0, 847.0)"
"(199.0, 871.0)","(297.0, 667.0)","(388.0, 451.0)","(506.0, 264.0)","(695.0, 141.5)","(915.0, 138.5)","(1115.0, 233.0)","(1268.0, 381.0)","(1400.0, 556.0)","(1536.0, 742.0)","(1714.0, 847.0)"
"(202.0, 872.0)","(300.0, 670.0)","(388.0, 455.0)","(504.0, 265.0)","(691.0, 141.0)","(913.0, 138.5)","(1109.5, 237.0)","(1258.0, 389.0)","(1389.0, 566.0)","(1527.0, 748.0)","(1713.0, 845.0)"
"(202.0, 874.0)","(300.0, 671.0)","(390.0, 456.0)","(503.0, 265.0)","(691.0, 140.0)","(912.0, 138.5)","(1104.0, 243.0)","(1250.0, 399.0)","(1377.0, 576.0)","(1519.0, 759.0)","(1707.0, 845.0)"
"(202.0, 875.0)","(301.0, 672.0)","(390.0, 455.0)","(504.0, 266.5)","(690.0, 140.0)","(911.0, 140.0)","(1101.0, 248.0)","(1242.0, 407.0)","(1367.0, 589.0)","(1512.0, 768.0)","(1705.0, 843.5)"
"(202.0, 876.0)","(302.0, 672.0)","(390.0, 455.0)","(503.0, 267.0)","(690.0, 140.0)","(909.0, 142.0)","(1097.0, 253.0)","(1233.0, 417.0)","(1354.0, 599.0)","(1504.0, 776.5)","(1700.0, 843.0)"
"(205.0, 875.0)","(304.0, 674.0)","(390.0, 457.0)","(501.0, 266.5)","(687.0, 139.0)","(904.0, 142.0)","(1092.0, 258.5)","(1225.0, 425.0)","(1346.0, 607.0)","(1499.0, 784.0)","(1698.0, 841.5)"
"(206.0, 874.0)","(306.0, 674.0)","(390.0, 459.0)","(500.0, 267.0)","(685.0, 139.0)","(904.0, 145.0)","(1085.0, 266.0)","(1217.0, 434.0)","(1340.0, 616.0)","(1496.0, 788.0)","(1696.0, 840.0)"
"(207.0, 874.0)","(306.0, 675.0)","(390.0, 459.0)","(499.0, 265.0)","(684.0, 138.0)","(901.0, 147.0)","(1081.0, 271.0)","(1211.0, 442.0)","(1333.0, 625.0)","(1493.0, 794.0)","(1695.0, 838.0)"
"(207.0, 876.0)","(306.0, 676.0)","(390.0, 459.0)","(499.0, 265.0)","(684.0, 137.0)","(900.0, 147.0)","(1080.0, 274.0)","(1205.0, 446.0)","(1327.0, 630.0)","(1489.0, 796.0)","(1693.0, 835.0)"
"(208.0, 877.0)","(310.0, 678.0)","(390.5, 460.0)","(499.0, 265.0)","(683.0, 137.5)","(900.0, 147.0)","(1079.0, 274.0)","(1201.0, 447.0)","(1319.0, 632.0)","(1484.0, 799.0)","(1690.0, 831.0)"
"(211.0, 877.0)","(312.0, 680.0)","(392.0, 460.0)","(495.0, 265.0)","(680.0, 137.0)","(897.0, 145.0)","(1075.0, 271.0)","(1196.0, 447.0)","(1313.0, 633.0)","(1478.0, 799.0)","(1685.0, 827.0)"
"(212.0, 879.0)","(316.0, 680.0)","(392.0, 460.0)","(492.0, 264.0)","(674.0, 133.0)","(891.0, 144.0)","(1068.0, 270.0)","(1187.5, 445.0)","(1304.0, 631.0)","(1472.0, 799.0)","(1679.0, 825.0)"
"(213.0, 880.0)","(318.0, 683.0)","(392.0, 461.0)","(487.5, 262.0)","(667.0, 130.0)","(884.0, 140.0)","(1062.0, 271.0)","(1180.0, 446.0)","(1295.0, 632.0)","(1464.0, 800.0)","(1671.0, 822.0)"
"(215.0, 880.0)","(318.0, 685.0)","(390.5, 462.0)","(485.0, 262.0)","(663.0, 126.0)","(877.0, 137.5)","(1054.0, 268.0)","(1170.0, 446.0)","(1284.0, 634.0)","(1455.0, 800.0)","(1664.0, 818.0)"
"(214.0, 879.0)","(319.0, 685.0)","(390.0, 461.0)","(481.5, 262.0)","(659.0, 124.5)","(875.0, 137.0)","(1047.0, 270.0)","(1163.0, 449.0)","(1276.0, 636.0)","(1448.0, 804.0)","(1657.0, 816.0)"
"(215.0, 879.0)","(320.0, 684.0)","(390.0, 461.0)","(482.0, 260.0)","(658.0, 124.0)","(875.0, 136.0)","(1045.0, 273.0)","(1158.0, 454.0)","(1270.0, 643.0)","(1441.0, 808.0)","(1651.0, 814.0)"
"(214.0, 879.0)","(319.0, 684.0)","(390.0, 461.0)","(482.0, 260.0)","(659.0, 124.0)","(874.0, 137.0)","(1042.0, 275.0)","(1152.0, 460.0)","(1262.0, 648.0)","(1434.0, 814.0)","(1643.0, 815.0)"
"(214.0, 879.0)","(319.0, 685.0)","(390.0, 461.0)","(482.5, 259.0)","(658.0, 124.0)","(873.0, 139.0)","(1040.0, 279.0)","(1146.0, 464.0)","(1254.0, 654.0)","(1428.0, 820.0)","(1637.0, 817.0)"
"(214.0, 879.0)","(318.0, 683.0)","(390.0, 461.0)","(481.5, 259.0)","(657.5, 124.0)","(873.0, 140.0)","(1036.0, 285.0)","(1141.0, 468.0)","(1247.0, 660.0)","(1421.0, 826.0)","(1631.0, 820.0)"
"(214.0, 879.0)","(316.0, 683.0)","(387.0, 458.0)","(480.0, 259.0)","(657.0, 124.0)","(871.0, 142.0)","(1033.0, 290.0)","(1134.0, 476.0)","(1238.0, 669.0)","(1414.0, 834.0)","(1623.0, 824.0)"
"(214.0, 879.0)","(314.0, 680.0)","(384.0, 454.0)","(477.0, 258.0)","(655.0, 124.0)","(871.0, 147.0)","(1029.0, 296.0)","(1128.0, 484.0)","(1230.0, 679.0)","(1408.0, 845.0)","(1617.5, 830.0)"
"(214.0, 879.0)","(311.0, 678.0)","(380.0, 453.0)","(474.0, 255.5)","(655.0, 126.0)","(869.0, 155.0)","(1025.0, 308.0)","(1120.0, 496.0)","(1223.0, 692.0)","(1401.0, 856.0)","(1607.0, 835.0)"
"(214.0, 879.0)","(310.0, 677.0)","(376.5, 452.0)","(471.5, 255.0)","(655.0, 128.5)","(869.0, 164.0)","(1019.5, 322.0)","(1111.0, 511.0)","(1215.0, 707.0)","(1394.0, 868.5)","(1601.5, 843.0)"
"(215.0, 879.0)","(308.0, 678.0)","(374.5, 452.0)","(469.5, 256.0)","(655.0, 133.0)","(868.0, 174.5)","(1014.0, 336.0)","(1103.0, 528.0)","(1206.0, 725.0)","(1390.0, 885.0)","(1596.0, 848.0)"
"(217.0, 880.0)","(308.0, 677.0)","(374.0, 452.0)","(470.0, 254.0)","(660.0, 137.0)","(868.0, 185.0)","(1008.0, 350.0)","(1093.0, 545.0)","(1194.5, 741.0)","(1385.0, 897.0)","(1588.0, 854.0)"
"(219.0, 879.0)","(310.0, 677.0)","(374.0, 451.0)","(469.5, 253.0)","(660.0, 139.0)","(869.0, 193.0)","(1003.0, 362.0)","(1083.0, 560.0)","(1185.5, 757.0)","(1377.0, 906.0)","(1580.0, 857.0)"
"(222.0, 878.0)","(311.0, 675.0)","(374.0, 450.0)","(468.5, 252.0)","(661.0, 139.0)","(868.0, 199.0)","(997.0, 372.0)","(1074.0, 571.0)","(1176.0, 769.0)","(1369.0, 913.0)","(1572.0, 858.0)"
"(225.0, 878.0)","(313.5, 674.0)","(374.0, 449.0)","(468.0, 251.0)","(661.0, 139.0)","(867.0, 201.0)","(993.0, 376.0)","(1067.0, 578.0)","(1168.0, 775.0)","(1364.0, 915.0)","(1562.0, 854.0)"
"(228.0, 879.0)","(317.0, 674.0)","(374.0, 447.0)","(469.0, 250.5)","(662.0, 139.0)","(866.0, 202.0)","(992.0, 379.0)","(1062.0, 582.0)","(1162.0, 778.0)","(1359.0, 915.0)","(1553.0, 848.0)"
"(235.0, 879.0)","(321.0, 674.0)","(376.0, 447.0)","(469.0, 250.0)","(663.0, 138.0)","(866.0, 202.0)","(989.0, 381.0)","(1057.0, 584.5)","(1156.0, 778.0)","(1356.0, 910.0)","(1545.0, 836.0)"
"(240.0, 880.0)","(325.0, 673.0)","(376.0, 448.0)","(468.0, 248.0)","(664.0, 137.5)","(865.0, 201.0)","(987.0, 384.0)","(1054.0, 587.0)","(1154.0, 778.0)","(1353.0, 903.0)","(1537.0, 822.0)"
"(247.0, 881.0)","(329.0, 675.0)","(378.0, 447.0)","(468.0, 248.0)","(663.0, 137.0)","(866.0, 202.0)","(985.5, 382.0)","(1053.0, 587.0)","(1151.0, 779.0)","(1351.0, 897.0)","(1531.0, 808.0)"
"(253.0, 884.0)","(334.0, 678.0)","(380.0, 449.0)","(467.5, 248.0)","(659.0, 137.0)","(864.0, 202.0)","(982.5, 385.0)","(1047.0, 587.0)","(1146.0, 779.0)","(1347.0, 890.0)","(1525.0, 795.0)"
"(258.0, 887.0)","(338.0, 680.0)","(382.0, 452.0)","(465.0, 250.0)","(655.0, 137.0)","(861.0, 200.0)","(978.0, 382.5)","(1043.0, 587.0)","(1143.0, 778.0)","(1347.0, 882.0)","(1519.0, 780.0)"
"(262.0, 891.0)","(343.0, 684.0)","(384.0, 455.0)","(465.0, 251.0)","(654.0, 135.5)","(860.0, 200.0)","(976.0, 382.0)","(1040.5, 585.0)","(1142.0, 776.0)","(1349.0, 871.5)","(1513.5, 766.0)"
"(267.0, 895.0)","(348.0, 688.0)","(386.0, 458.5)","(464.0, 255.0)","(651.0, 136.0)","(857.0, 199.5)","(973.5, 381.0)","(1037.0, 585.0)","(1140.5, 773.5)","(1351.0, 860.0)","(1509.5, 749.0)"
"(270.0, 897.0)","(352.0, 692.0)","(388.0, 461.0)","(463.0, 257.0)","(650.0, 136.0)","(855.0, 199.0)","(970.5, 381.0)","(1035.0, 585.0)","(1141.0, 771.5)","(1354.0, 851.0)","(1506.0, 734.0)"
"(273.0, 898.0)","(356.0, 695.0)","(390.0, 465.0)","(464.0, 259.0)","(648.0, 135.5)","(854.0, 198.0)","(967.0, 380.0)","(1029.0, 585.0)","(1138.0, 769.5)","(1351.0, 837.0)","(1499.0, 714.0)"
"(277.0, 901.0)","(362.0, 696.0)","(392.5, 467.0)","(462.0, 260.0)","(646.0, 134.0)","(850.0, 194.5)","(960.0, 377.0)","(1021.0, 583.0)","(1135.0, 766.0)","(1347.0, 827.0)","(1493.0, 702.0)"
"(282.0, 904.0)","(368.0, 700.0)","(395.0, 472.0)","(460.0, 263.0)","(640.5, 133.0)","(844.0, 194.0)","(954.5, 378.0)","(1016.0, 582.0)","(1133.0, 763.0)","(1347.0, 820.0)","(1491.0, 694.0)"
"(285.0, 904.0)","(371.0, 703.0)","(397.0, 473.0)","(460.0, 263.0)","(637.5, 133.0)","(842.0, 192.0)","(953.5, 378.0)","(1015.0, 582.0)","(1132.0, 761.5)","(1346.0, 819.0)","(1486.0, 689.0)"
"(288.5, 907.0)","(374.0, 704.0)","(398.5, 476.0)","(459.0, 265.0)","(636.0, 134.0)","(842.0, 192.0)","(951.0, 378.0)","(1011.0, 582.0)","(1129.0, 762.0)","(1344.0, 817.0)","(1480.0, 682.0)"
"(290.0, 907.0)","(379.0, 706.0)","(401.5, 477.0)","(460.0, 265.0)","(636.0, 134.0)","(840.0, 192.0)","(948.5, 378.0)","(1009.0, 582.0)","(1127.0, 763.0)","(1341.0, 814.0)","(1475.0, 679.0)"
"(292.0, 907.0)","(382.0, 707.0)","(403.5, 477.0)","(460.0, 266.0)","(635.0, 134.0)","(840.0, 192.0)","(947.5, 378.0)","(1007.0, 584.0)","(1124.0, 764.0)","(1339.0, 812.0)","(1469.0, 673.0)"
"(296.0, 907.0)","(386.0, 708.0)","(406.0, 478.0)","(460.0, 266.0)","(635.0, 134.0)","(841.0, 192.0)","(946.0, 379.0)","(1003.0, 586.0)","(1120.0, 765.0)","(1336.5, 811.0)","(1463.0, 668.0)"
"(300.0, 907.0)","(391.0, 709.0)","(408.5, 479.0)","(460.0, 266.0)","(636.0, 132.5)","(840.0, 192.5)","(943.5, 381.0)","(999.0, 588.0)","(1117.0, 764.0)","(1333.0, 807.0)","(1457.0, 662.0)"
"(306.0, 907.0)","(398.0, 709.0)","(412.0, 478.0)","(461.0, 265.0)","(634.0, 131.5)","(840.0, 192.0)","(940.0, 381.0)","(995.0, 587.0)","(1113.0, 764.0)","(1330.0, 803.5)","(1450.0, 656.0)"
"(312.0, 906.0)","(404.0, 710.0)","(416.5, 479.0)","(463.0, 266.0)","(635.0, 130.0)","(839.0, 192.0)","(937.5, 381.0)","(992.0, 589.0)","(1111.0, 764.0)","(1328.0, 800.0)","(1446.0, 651.0)"
"(316.0, 907.0)","(408.5, 712.0)","(418.5, 478.0)","(463.0, 268.0)","(635.5, 130.0)","(839.0, 192.0)","(937.5, 382.0)","(991.0, 589.0)","(1111.0, 765.0)","(1326.0, 798.0)","(1441.0, 645.0)"
"(321.0, 907.0)","(414.0, 711.0)","(421.0, 480.5)","(464.0, 267.0)","(636.0, 130.0)","(839.0, 192.0)","(935.0, 382.5)","(987.0, 591.0)","(1109.5, 767.0)","(1325.0, 795.0)","(1436.5, 640.0)"
"(327.0, 909.0)","(422.0, 714.0)","(426.0, 482.0)","(465.0, 268.0)","(635.0, 130.0)","(838.0, 192.0)","(933.0, 384.0)","(985.0, 591.0)","(1107.0, 766.0)","(1322.0, 793.0)","(1432.0, 638.0)"
"(335.0, 911.0)","(431.0, 716.0)","(432.5, 485.0)","(468.0, 270.0)","(634.0, 130.0)","(838.0, 192.0)","(932.0, 384.0)","(984.0, 593.0)","(1105.0, 766.5)","(1322.0, 790.0)","(1428.0, 633.0)"
"(344.0, 911.0)","(440.0, 718.0)","(438.5, 488.0)","(469.5, 272.0)","(633.0, 130.0)","(838.0, 192.0)","(931.0, 384.0)","(983.0, 594.0)","(1105.0, 767.0)","(1322.0, 790.0)","(1425.0, 630.0)"
"(352.0, 911.0)","(449.0, 718.0)","(444.0, 488.0)","(470.0, 274.0)","(634.0, 130.0)","(838.0, 191.0)","(931.0, 386.0)","(983.0, 594.0)","(1107.0, 766.5)","(1322.0, 788.0)","(1423.0, 626.0)"
"(364.0, 911.0)","(461.0, 719.0)","(449.5, 491.0)","(472.0, 274.0)","(634.0, 130.0)","(837.0, 192.0)","(931.0, 386.0)","(982.0, 595.0)","(1102.5, 768.0)","(1320.0, 788.0)","(1417.0, 623.0)"
"(376.0, 909.0)","(473.0, 718.0)","(456.5, 488.0)","(473.0, 272.0)","(635.0, 128.0)","(837.0, 191.0)","(927.0, 386.0)","(975.0, 598.0)","(1096.0, 770.0)","(1312.0, 787.0)","(1411.0, 624.0)"
"(390.0, 908.0)","(487.0, 716.0)","(465.0, 487.0)","(476.0, 271.0)","(635.0, 125.5)","(837.0, 192.0)","(923.0, 388.0)","(969.5, 598.0)","(1092.0, 770.5)","(1308.0, 787.0)","(1406.0, 621.0)"
"(411.0, 906.0)","(505.0, 716.0)","(477.0, 489.0)","(479.5, 272.0)","(638.0, 124.0)","(837.0, 191.0)","(921.0, 388.0)","(964.0, 599.0)","(1085.0, 770.0)","(1303.0, 786.0)","(1401.0, 621.0)"
"(433.0, 904.0)","(527.0, 713.0)","(488.0, 488.0)","(483.5, 272.0)","(638.0, 121.0)","(835.0, 189.0)","(918.0, 388.0)","(962.0, 598.0)","(1083.0, 770.0)","(1300.0, 785.0)","(1398.0, 619.0)"
"(452.0, 900.0)","(548.0, 710.0)","(501.5, 489.0)","(487.5, 273.0)","(639.0, 119.0)","(837.0, 188.0)","(917.0, 386.0)","(960.0, 596.0)","(1082.0, 770.0)","(1299.0, 784.0)","(1395.0, 618.5)"
"(471.0, 895.0)","(567.0, 709.0)","(513.0, 487.0)","(491.0, 273.0)","(639.0, 117.0)","(837.0, 186.0)","(917.0, 386.0)","(959.0, 598.0)","(1081.0, 770.0)","(1298.0, 783.0)","(1392.0, 617.0)"
"(490.0, 890.0)","(586.0, 707.0)","(526.0, 485.0)","(495.0, 271.0)","(641.0, 115.0)","(839.0, 184.0)","(916.0, 385.0)","(958.0, 595.0)","(1080.0, 769.0)","(1296.0, 782.0)","(1392.0, 615.0)"
"(507.0, 886.0)","(603.5, 702.0)","(536.0, 484.0)","(500.0, 271.0)","(642.0, 113.0)","(840.0, 184.0)","(916.0, 386.0)","(958.0, 597.0)","(1080.0, 768.0)","(1295.0, 780.0)","(1390.0, 613.0)"
"(524.0, 879.0)","(622.0, 698.0)","(548.0, 484.0)","(505.0, 271.0)","(646.0, 112.0)","(841.0, 185.0)","(916.0, 385.0)","(957.0, 597.0)","(1080.0, 768.0)","(1295.0, 778.0)","(1387.0, 610.0)"
"(540.0, 874.0)","(638.0, 694.0)","(560.0, 481.0)","(509.0, 269.5)","(644.0, 108.5)","(843.0, 182.0)","(916.5, 384.0)","(956.0, 596.0)","(1078.0, 767.0)","(1293.0, 776.0)","(1386.0, 607.0)"
"(559.0, 869.0)","(655.0, 689.0)","(571.0, 479.0)","(516.0, 268.0)","(649.0, 105.5)","(845.0, 180.0)","(917.0, 380.0)","(955.5, 592.0)","(1075.5, 764.0)","(1292.0, 773.0)","(1384.0, 605.0)"
"(577.0, 865.0)","(674.5, 686.0)","(584.5, 478.0)","(523.0, 269.0)","(653.0, 103.0)","(847.0, 176.0)","(919.0, 377.0)","(955.0, 589.0)","(1074.0, 762.0)","(1289.0, 770.5)","(1380.0, 600.0)"
"(595.0, 862.0)","(693.0, 684.0)","(600.0, 478.0)","(531.0, 271.0)","(657.0, 101.0)","(851.0, 171.0)","(919.0, 372.0)","(953.0, 585.0)","(1072.0, 759.0)","(1287.0, 767.0)","(1377.0, 598.0)"
"(612.0, 859.5)","(711.0, 684.0)","(615.5, 478.0)","(540.0, 273.0)","(659.0, 100.0)","(853.0, 164.0)","(921.0, 366.0)","(952.0, 581.0)","(1069.0, 754.5)","(1284.0, 762.5)","(1374.0, 594.0)"
"(627.0, 857.5)","(727.0, 684.0)","(629.5, 479.0)","(549.0, 275.0)","(662.0, 99.0)","(857.0, 160.0)","(923.0, 362.5)","(951.0, 575.0)","(1066.0, 752.0)","(1283.0, 759.0)","(1370.0, 588.0)"
"(639.0, 856.0)","(740.5, 683.0)","(641.0, 480.0)","(556.0, 279.0)","(662.0, 98.0)","(857.0, 157.0)","(923.5, 359.0)","(951.0, 573.0)","(1066.0, 748.0)","(1279.0, 756.0)","(1367.0, 585.0)"
"(650.0, 856.0)","(751.0, 682.0)","(650.0, 481.0)","(561.0, 281.0)","(663.0, 98.0)","(859.0, 154.0)","(924.0, 357.0)","(950.0, 571.0)","(1063.0, 746.0)","(1278.0, 752.0)","(1364.0, 581.0)"
"(659.0, 857.0)","(759.0, 683.0)","(656.0, 483.0)","(565.5, 283.0)","(663.0, 100.0)","(860.0, 154.0)","(923.5, 356.0)","(949.5, 571.0)","(1062.0, 746.5)","(1277.5, 750.0)","(1360.0, 577.0)"
"(667.0, 857.0)","(767.0, 684.0)","(662.0, 484.0)","(569.0, 285.0)","(665.0, 100.0)","(861.0, 153.5)","(924.0, 356.0)","(949.0, 567.0)","(1062.0, 746.0)","(1276.0, 748.0)","(1356.0, 574.0)"
"(677.0, 859.0)","(775.0, 688.0)","(670.0, 488.0)","(575.0, 291.0)","(665.0, 102.5)","(861.5, 152.0)","(925.0, 353.0)","(948.5, 568.0)","(1060.5, 745.0)","(1275.0, 745.0)","(1352.5, 573.0)"
"(685.0, 863.0)","(785.0, 689.0)","(679.5, 492.0)","(581.0, 296.0)","(667.0, 106.0)","(863.0, 151.0)","(926.5, 353.0)","(948.0, 567.0)","(1060.0, 744.5)","(1276.0, 743.0)","(1349.0, 569.0)"
"(690.0, 865.0)","(793.0, 696.0)","(688.0, 496.0)","(586.5, 302.0)","(668.0, 108.0)","(864.0, 151.0)","(927.0, 354.0)","(949.0, 565.0)","(1059.0, 745.5)","(1273.0, 743.0)","(1346.0, 568.0)"
"(695.0, 869.0)","(797.0, 699.0)","(693.0, 499.0)","(590.5, 306.0)","(669.0, 111.0)","(865.0, 152.0)","(929.0, 353.0)","(949.0, 566.0)","(1058.0, 746.0)","(1272.0, 742.0)","(1342.0, 567.0)"
"(698.0, 872.5)","(803.0, 702.0)","(699.0, 504.0)","(595.0, 310.0)","(670.5, 114.0)","(867.0, 151.0)","(930.0, 352.0)","(949.0, 566.0)","(1060.0, 746.5)","(1271.0, 742.0)","(1338.0, 565.0)"
"(704.0, 875.0)","(809.0, 708.0)","(704.5, 508.0)","(600.0, 314.0)","(670.0, 117.0)","(869.0, 151.0)","(932.0, 352.0)","(950.0, 565.0)","(1058.0, 746.5)","(1270.0, 743.0)","(1334.5, 565.0)"
"(708.0, 879.0)","(815.0, 713.0)","(711.0, 512.0)","(605.0, 319.0)","(671.0, 121.0)","(869.0, 150.5)","(933.5, 352.0)","(951.0, 565.5)","(1059.0, 747.0)","(1269.0, 743.0)","(1330.5, 566.0)"
"(712.0, 883.0)","(820.0, 716.0)","(718.0, 516.0)","(609.5, 325.0)","(675.0, 125.0)","(870.0, 151.0)","(935.0, 352.0)","(951.0, 565.0)","(1056.0, 747.5)","(1269.0, 743.0)","(1327.0, 564.0)"
"(720.0, 886.0)","(826.0, 721.0)","(723.0, 521.0)","(615.0, 330.0)","(675.0, 129.0)","(872.0, 152.0)","(936.0, 351.0)","(949.0, 564.0)","(1055.0, 749.0)","(1267.0, 742.0)","(1324.0, 562.0)"
"(726.0, 892.0)","(833.0, 727.0)","(731.0, 527.0)","(620.0, 337.0)","(676.0, 133.0)","(874.0, 151.5)","(937.0, 352.0)","(949.0, 565.0)","(1054.0, 748.0)","(1263.0, 742.5)","(1319.0, 561.0)"
"(732.0, 895.5)","(841.0, 733.0)","(739.0, 532.0)","(626.0, 344.0)","(678.0, 137.0)","(875.0, 152.0)","(939.0, 352.0)","(949.0, 566.0)","(1051.0, 750.0)","(1262.0, 743.5)","(1316.0, 562.0)"
"(737.0, 901.0)","(848.0, 738.0)","(747.0, 538.0)","(633.0, 349.0)","(679.0, 144.0)","(877.0, 152.0)","(941.0, 351.0)","(951.0, 564.0)","(1051.0, 750.5)","(1261.0, 744.0)","(1312.5, 560.0)"
"(747.0, 907.0)","(856.0, 745.0)","(756.0, 545.0)","(641.0, 358.0)","(680.5, 149.0)","(879.0, 153.0)","(943.5, 352.0)","(951.0, 566.0)","(1048.0, 751.0)","(1259.0, 744.0)","(1308.5, 562.0)"
"(752.0, 912.0)","(865.0, 752.0)","(765.5, 550.0)","(647.0, 363.0)","(682.0, 155.0)","(880.0, 155.5)","(944.0, 352.0)","(947.0, 567.0)","(1044.0, 753.0)","(1254.0, 745.0)","(1304.0, 562.0)"
"(757.0, 915.5)","(872.0, 758.0)","(773.0, 556.0)","(653.0, 369.0)","(684.0, 160.0)","(881.0, 156.0)","(943.5, 354.0)","(945.0, 568.5)","(1042.0, 754.0)","(1249.0, 747.0)","(1299.0, 562.0)"
"(764.0, 919.0)","(877.0, 760.0)","(778.0, 559.0)","(657.0, 374.0)","(686.0, 164.0)","(882.0, 159.0)","(945.0, 354.0)","(945.0, 569.0)","(1038.5, 755.0)","(1249.0, 747.0)","(1296.0, 562.0)"
"(767.0, 922.0)","(882.5, 765.0)","(782.0, 562.5)","(662.0, 379.0)","(686.0, 168.0)","(882.0, 159.0)","(945.5, 356.0)","(944.0, 569.0)","(1038.0, 757.0)","(1246.0, 747.0)","(1291.0, 561.0)"
"(773.0, 926.0)","(889.0, 768.0)","(789.0, 566.5)","(667.0, 383.0)","(688.0, 172.0)","(885.0, 160.0)","(946.5, 357.0)","(942.5, 571.0)","(1034.0, 758.0)","(1243.0, 747.0)","(1285.5, 561.0)"
"(777.0, 926.0)","(893.5, 768.0)","(793.0, 570.0)","(670.0, 387.0)","(689.0, 176.0)","(885.0, 161.0)","(944.5, 358.0)","(937.5, 571.0)","(1028.0, 761.0)","(1237.0, 747.0)","(1279.0, 561.0)"
"(782.0, 927.0)","(898.0, 771.0)","(796.0, 571.0)","(673.0, 390.0)","(690.0, 176.0)","(884.0, 163.0)","(942.5, 361.0)","(933.5, 572.0)","(1025.0, 762.0)","(1231.0, 748.0)","(1275.0, 561.0)"
"(786.0, 927.0)","(902.0, 771.0)","(798.0, 572.0)","(675.0, 392.0)","(689.0, 180.0)","(883.0, 162.0)","(942.0, 360.0)","(932.0, 574.0)","(1023.0, 762.0)","(1228.0, 746.0)","(1272.0, 561.0)"
"(790.0, 926.0)","(908.0, 771.0)","(804.0, 573.0)","(677.5, 392.0)","(690.0, 181.0)","(884.0, 162.0)","(942.0, 360.0)","(931.0, 574.0)","(1021.0, 763.0)","(1226.0, 746.0)","(1269.0, 561.0)"
"(794.0, 925.0)","(912.0, 771.5)","(806.0, 573.0)","(679.0, 395.0)","(690.0, 183.0)","(884.0, 163.0)","(941.0, 360.0)","(930.0, 575.0)","(1020.0, 763.0)","(1225.0, 746.0)","(1267.0, 561.0)"
"(796.0, 923.0)","(915.0, 771.0)","(809.0, 572.0)","(681.0, 395.0)","(691.0, 183.0)","(883.0, 164.0)","(941.0, 361.0)","(929.0, 575.0)","(1019.0, 763.0)","(1223.0, 746.0)","(1265.0, 560.0)"
"(798.0, 921.0)","(918.0, 770.0)","(812.0, 572.0)","(682.0, 396.0)","(691.0, 182.0)","(883.0, 163.0)","(940.0, 361.0)","(927.5, 575.0)","(1017.0, 763.0)","(1222.0, 746.0)","(1263.0, 560.0)"
"(800.0, 918.0)","(921.5, 768.0)","(814.0, 572.0)","(683.0, 396.0)","(691.0, 183.0)","(883.0, 164.0)","(940.0, 361.0)","(928.0, 576.0)","(1017.0, 763.5)","(1222.0, 746.0)","(1263.0, 558.0)"
"(803.0, 915.5)","(925.0, 766.0)","(815.0, 570.0)","(683.0, 396.0)","(691.0, 183.0)","(883.0, 164.0)","(940.0, 361.0)","(927.0, 575.0)","(1017.0, 763.5)","(1221.0, 746.0)","(1261.0, 559.0)"
"(804.0, 912.0)","(927.5, 765.0)","(817.0, 570.0)","(684.0, 396.0)","(691.0, 183.0)","(883.0, 165.0)","(940.0, 360.0)","(927.0, 575.0)","(1016.5, 763.5)","(1221.0, 745.0)","(1260.0, 558.0)"
"(807.0, 910.0)","(930.5, 763.0)","(819.5, 568.0)","(686.0, 396.0)","(691.0, 183.0)","(883.0, 164.0)","(940.0, 362.0)","(927.0, 576.0)","(1015.0, 763.5)","(1221.0, 746.0)","(1259.5, 557.0)"
"(811.0, 908.0)","(933.0, 761.0)","(822.0, 568.0)","(686.0, 397.0)","(691.0, 183.0)","(883.0, 164.0)","(939.5, 362.0)","(925.5, 576.0)","(1015.0, 764.5)","(1221.0, 745.0)","(1259.0, 557.0)"
"(813.0, 906.0)","(935.0, 760.0)","(823.0, 568.0)","(685.5, 396.0)","(692.0, 183.0)","(883.0, 164.0)","(939.5, 362.0)","(926.5, 578.0)","(1014.0, 763.5)","(1221.0, 745.5)","(1259.0, 557.0)"
"(815.0, 904.0)","(937.0, 759.0)","(824.0, 566.0)","(686.0, 395.0)","(692.0, 183.0)","(883.0, 164.0)","(939.5, 362.0)","(925.0, 577.0)","(1014.0, 764.0)","(1221.0, 745.0)","(1259.0, 555.0)"
"(816.0, 904.0)","(937.0, 758.0)","(824.0, 567.0)","(687.0, 395.0)","(692.0, 183.0)","(883.0, 164.0)","(939.0, 362.0)","(925.0, 577.0)","(1013.0, 764.5)","(1220.0, 743.5)","(1259.0, 555.0)"
"(816.0, 904.0)","(937.0, 757.0)","(825.0, 566.0)","(687.0, 396.0)","(692.0, 183.0)","(883.0, 164.0)","(939.0, 362.5)","(925.0, 578.0)","(1013.0, 764.5)","(1219.0, 742.0)","(1257.0, 554.0)"
"(816.0, 904.0)","(937.5, 758.0)","(824.0, 565.0)","(687.0, 396.0)","(691.0, 183.0)","(883.0, 164.0)","(939.0, 361.0)","(925.0, 579.0)","(1013.0, 764.5)","(1219.0, 742.0)","(1257.0, 554.0)"
"(816.0, 904.0)","(937.0, 758.0)","(823.5, 565.0)","(687.0, 395.0)","(691.0, 183.0)","(883.0, 164.0)","(938.0, 362.0)","(923.0, 577.0)","(1013.0, 764.0)","(1220.0, 741.0)","(1256.0, 554.0)"
"(814.0, 904.0)","(937.0, 757.0)","(824.0, 565.0)","(685.0, 394.0)","(690.5, 182.0)","(883.0, 164.0)","(939.0, 362.0)","(923.0, 577.0)","(1013.0, 764.0)","(1219.0, 741.0)","(1255.0, 554.0)"
"(813.0, 904.0)","(937.0, 758.0)","(824.0, 565.0)","(686.0, 395.0)","(691.0, 182.0)","(883.0, 164.0)","(939.0, 362.0)","(923.0, 581.0)","(1013.0, 763.5)","(1219.0, 741.0)","(1255.0, 553.0)"
"(814.0, 904.0)","(937.0, 757.0)","(825.0, 565.0)","(685.5, 394.0)","(691.0, 182.0)","(882.0, 164.0)","(939.0, 361.0)","(923.0, 581.0)","(1012.0, 763.5)","(1217.0, 742.0)","(1255.0, 552.0)"
"(814.0, 903.0)","(937.0, 757.0)","(824.0, 565.0)","(686.0, 394.0)","(691.0, 182.0)","(883.0, 164.0)","(939.0, 362.0)","(923.0, 581.0)","(1011.0, 763.5)","(1218.0, 741.0)","(1255.0, 553.0)"
"(812.0, 902.0)","(936.0, 757.0)","(824.0, 564.0)","(686.0, 394.0)","(691.0, 182.0)","(883.0, 164.0)","(938.5, 361.0)","(923.0, 582.0)","(1011.0, 763.5)","(1218.0, 741.0)","(1256.5, 553.0)"
"(812.0, 901.5)","(936.5, 756.0)","(824.0, 564.0)","(685.0, 393.0)","(690.0, 182.0)","(883.0, 164.0)","(938.0, 362.0)","(922.5, 579.0)","(1013.0, 764.5)","(1218.0, 741.0)","(1256.0, 552.0)"
"(811.0, 900.0)","(935.0, 753.0)","(822.0, 561.0)","(684.0, 392.0)","(690.0, 180.0)","(883.0, 163.0)","(937.0, 362.0)","(922.0, 574.0)","(1013.0, 764.5)","(1218.0, 740.5)","(1257.0, 552.0)"
"(810.0, 900.0)","(933.0, 753.0)","(821.0, 561.0)","(682.5, 390.5)","(690.5, 179.0)","(883.0, 163.0)","(937.0, 362.0)","(921.0, 576.0)","(1011.0, 764.5)","(1217.5, 741.0)","(1257.0, 552.0)"
"(809.0, 900.0)","(931.0, 755.0)","(819.0, 560.0)","(681.0, 390.0)","(691.0, 178.0)","(884.0, 163.0)","(936.5, 362.0)","(921.0, 577.0)","(1011.0, 764.0)","(1217.0, 742.0)","(1257.0, 553.0)"
"(808.0, 901.0)","(930.0, 752.0)","(818.0, 560.0)","(681.0, 388.0)","(691.0, 177.0)","(883.0, 163.0)","(936.5, 362.0)","(921.0, 576.0)","(1011.0, 764.0)","(1217.0, 742.0)","(1259.0, 552.0)"
"(805.0, 900.0)","(928.0, 753.0)","(817.0, 559.0)","(681.0, 387.5)","(690.0, 177.0)","(884.0, 163.0)","(936.0, 361.0)","(919.5, 576.0)","(1011.0, 763.5)","(1216.5, 741.0)","(1262.0, 550.0)"
"(803.0, 901.0)","(926.0, 753.0)","(815.0, 560.0)","(679.0, 387.0)","(690.0, 176.0)","(883.0, 163.0)","(936.0, 362.0)","(919.0, 577.0)","(1010.0, 764.5)","(1217.0, 740.0)","(1265.0, 552.0)"
"(800.0, 903.0)","(923.5, 752.0)","(814.0, 560.5)","(678.5, 388.0)","(691.0, 175.0)","(883.0, 163.0)","(935.5, 362.0)","(919.0, 578.0)","(1009.0, 764.0)","(1217.5, 741.0)","(1269.5, 552.0)"
"(798.0, 903.0)","(921.0, 756.0)","(810.5, 561.0)","(677.0, 387.0)","(690.5, 175.0)","(884.0, 163.0)","(935.0, 363.0)","(918.0, 577.0)","(1010.0, 762.0)","(1218.0, 741.0)","(1276.0, 555.0)"
"(795.0, 905.0)","(918.0, 758.0)","(809.0, 562.0)","(677.0, 387.0)","(690.0, 175.5)","(883.5, 162.0)","(937.0, 361.0)","(923.0, 577.0)","(1014.0, 760.0)","(1222.0, 742.0)","(1282.0, 555.0)"
"(790.0, 906.5)","(915.5, 759.0)","(808.5, 563.0)","(677.0, 386.0)","(690.0, 174.5)","(883.0, 159.0)","(940.0, 359.0)","(925.0, 573.0)","(1016.0, 760.0)","(1224.0, 741.5)","(1289.0, 558.0)"
"(784.0, 907.5)","(910.0, 761.0)","(804.0, 563.5)","(675.0, 386.0)","(690.0, 174.0)","(882.0, 159.0)","(938.0, 360.0)","(923.5, 575.0)","(1017.0, 759.0)","(1225.0, 743.0)","(1296.0, 560.0)"
"(779.0, 910.0)","(903.5, 762.0)","(799.0, 563.0)","(673.0, 386.0)","(691.0, 174.0)","(883.0, 158.0)","(940.0, 357.0)","(928.0, 572.0)","(1019.0, 757.0)","(1230.0, 744.0)","(1303.5, 563.0)"
"(774.0, 913.0)","(898.0, 764.0)","(796.0, 564.0)","(670.0, 386.0)","(691.0, 174.0)","(883.0, 158.5)","(944.0, 355.0)","(935.0, 569.0)","(1029.0, 756.0)","(1236.0, 745.0)","(1313.0, 565.0)"
"(765.0, 915.0)","(891.0, 769.0)","(792.0, 565.0)","(668.0, 384.0)","(691.0, 173.0)","(883.0, 158.0)","(946.0, 354.0)","(939.0, 567.0)","(1032.0, 756.0)","(1240.0, 746.5)","(1320.0, 567.0)"
"(753.0, 916.0)","(882.0, 771.0)","(787.0, 567.0)","(666.0, 385.0)","(690.5, 173.0)","(883.0, 158.0)","(947.0, 354.0)","(941.0, 567.0)","(1034.0, 755.0)","(1245.0, 748.0)","(1328.0, 571.0)"
"(739.0, 917.0)","(872.0, 773.0)","(780.5, 569.0)","(662.0, 384.0)","(690.0, 173.0)","(883.0, 158.0)","(949.0, 353.0)","(945.0, 570.0)","(1039.0, 755.5)","(1249.0, 748.0)","(1333.5, 572.0)"
"(722.0, 915.5)","(859.0, 774.0)","(772.0, 567.0)","(657.5, 378.0)","(691.0, 168.0)","(883.0, 157.0)","(949.0, 352.0)","(945.5, 567.0)","(1042.0, 753.0)","(1251.5, 747.0)","(1340.0, 572.0)"
"(707.0, 915.0)","(841.5, 771.0)","(759.5, 563.0)","(650.0, 372.0)","(689.0, 165.0)","(882.0, 155.0)","(949.0, 351.0)","(948.0, 566.0)","(1045.0, 751.0)","(1256.0, 742.0)","(1349.0, 568.0)"
"(687.0, 915.0)","(822.0, 771.0)","(743.0, 559.0)","(641.0, 365.0)","(688.0, 158.5)","(884.0, 153.0)","(951.0, 349.0)","(954.0, 562.0)","(1055.0, 746.0)","(1265.0, 737.0)","(1361.0, 565.0)"
"(668.0, 915.0)","(804.0, 771.0)","(729.0, 557.0)","(634.0, 360.0)","(686.5, 155.0)","(884.0, 150.0)","(956.0, 344.0)","(964.0, 557.0)","(1068.0, 741.0)","(1278.0, 733.0)","(1374.0, 561.0)"
"(646.0, 917.0)","(786.0, 775.0)","(720.0, 560.0)","(631.5, 360.0)","(687.0, 154.0)","(885.0, 149.0)","(962.0, 341.0)","(974.5, 554.0)","(1081.0, 735.0)","(1292.5, 728.0)","(1389.0, 554.0)"
"(626.0, 917.5)","(771.0, 780.0)","(712.0, 562.0)","(628.5, 361.0)","(687.0, 154.5)","(886.0, 148.0)","(966.0, 339.0)","(984.0, 551.0)","(1097.0, 732.0)","(1307.0, 724.0)","(1406.0, 550.0)"
"(604.0, 918.0)","(754.0, 783.0)","(700.0, 563.0)","(623.0, 359.0)","(686.0, 154.0)","(887.0, 147.0)","(971.5, 336.0)","(997.0, 548.0)","(1112.0, 728.0)","(1322.0, 722.0)","(1422.0, 551.0)"
"(585.0, 916.5)","(737.0, 782.0)","(688.0, 562.0)","(617.5, 355.0)","(687.0, 153.0)","(887.0, 146.0)","(976.0, 334.0)","(1004.5, 548.0)","(1119.0, 725.0)","(1331.0, 720.0)","(1434.0, 551.0)"
"(564.0, 916.0)","(719.0, 782.0)","(677.0, 562.0)","(611.0, 353.0)","(686.0, 151.0)","(887.0, 146.0)","(976.0, 334.5)","(1006.0, 547.0)","(1121.0, 724.0)","(1333.0, 718.0)","(1444.0, 553.0)"
"(542.0, 916.0)","(699.0, 785.0)","(664.0, 561.0)","(605.0, 351.0)","(684.5, 151.0)","(886.0, 146.0)","(976.0, 336.0)","(1005.0, 550.0)","(1121.0, 724.0)","(1336.0, 718.0)","(1452.0, 557.0)"
"(521.0, 916.0)","(679.0, 785.0)","(651.0, 560.0)","(599.0, 348.0)","(684.0, 149.0)","(886.0, 146.0)","(976.0, 333.0)","(1008.5, 547.0)","(1127.0, 723.0)","(1340.0, 720.0)","(1460.0, 561.0)"
"(499.0, 916.0)","(659.5, 786.0)","(639.0, 562.0)","(595.0, 347.0)","(684.0, 149.0)","(887.0, 146.0)","(979.0, 334.0)","(1013.0, 545.0)","(1131.0, 721.0)","(1345.0, 720.0)","(1470.0, 564.0)"
"(475.0, 917.0)","(641.0, 787.0)","(627.0, 563.0)","(591.0, 345.0)","(683.0, 149.0)","(888.0, 146.0)","(980.5, 332.0)","(1016.0, 544.0)","(1135.0, 719.5)","(1350.0, 721.0)","(1478.0, 568.0)"
"(455.0, 917.0)","(620.5, 789.0)","(615.0, 560.0)","(585.5, 343.0)","(683.0, 149.0)","(888.0, 146.0)","(981.0, 332.5)","(1017.5, 544.0)","(1136.0, 718.0)","(1353.0, 724.0)","(1485.0, 574.0)"
"(435.0, 916.0)","(601.0, 789.0)","(603.0, 560.0)","(582.5, 342.0)","(683.0, 149.0)","(888.0, 146.0)","(982.0, 332.0)","(1020.0, 544.0)","(1137.0, 718.0)","(1355.0, 724.0)","(1491.0, 577.0)"
"(415.0, 915.0)","(583.0, 790.0)","(593.0, 560.0)","(579.0, 342.0)","(683.0, 149.0)","(888.0, 147.0)","(983.5, 332.0)","(1022.0, 544.0)","(1141.0, 718.0)","(1357.0, 725.0)","(1496.0, 581.0)"
"(393.0, 913.5)","(566.0, 788.0)","(582.0, 561.0)","(575.0, 341.0)","(682.0, 151.0)","(888.0, 147.0)","(986.0, 332.0)","(1025.5, 542.0)","(1146.0, 717.0)","(1364.0, 724.0)","(1503.0, 580.0)"
"(376.0, 912.0)","(548.0, 787.0)","(571.0, 560.0)","(571.0, 340.0)","(683.0, 152.0)","(888.0, 149.0)","(988.0, 331.0)","(1033.0, 542.0)","(1154.5, 715.0)","(1372.0, 724.0)","(1513.0, 582.0)"
"(356.0, 910.0)","(531.5, 787.0)","(560.0, 560.0)","(565.5, 340.0)","(682.0, 154.0)","(887.0, 150.0)","(992.0, 333.0)","(1041.5, 542.0)","(1166.5, 712.5)","(1384.0, 721.0)","(1524.0, 579.0)"
"(340.0, 908.0)","(516.0, 784.0)","(548.0, 558.0)","(560.0, 339.0)","(681.0, 156.0)","(888.0, 153.0)","(997.0, 334.0)","(1050.5, 542.0)","(1177.5, 712.0)","(1395.0, 721.0)","(1537.0, 579.0)"
"(324.0, 906.0)","(502.0, 785.0)","(539.0, 557.0)","(556.0, 339.0)","(681.0, 158.0)","(888.0, 157.0)","(1001.0, 335.0)","(1058.5, 542.0)","(1190.0, 710.5)","(1407.0, 720.0)","(1549.0, 578.0)"
"(309.0, 905.0)","(488.0, 785.0)","(530.0, 557.0)","(552.5, 341.0)","(681.0, 161.0)","(890.0, 160.0)","(1003.5, 338.0)","(1067.0, 543.0)","(1198.0, 709.5)","(1418.0, 720.0)","(1560.0, 579.0)"
"(295.0, 903.0)","(474.0, 785.0)","(522.5, 557.0)","(550.0, 341.0)","(680.5, 164.0)","(890.0, 165.0)","(1007.0, 341.0)","(1071.0, 546.0)","(1205.0, 710.5)","(1425.0, 718.5)","(1568.0, 580.0)"
"(285.0, 900.0)","(466.0, 783.5)","(517.0, 558.5)","(547.5, 338.0)","(680.0, 164.0)","(890.0, 165.5)","(1007.0, 341.0)","(1072.0, 547.0)","(1207.0, 710.0)","(1427.0, 718.0)","(1571.0, 582.0)"
"(278.0, 896.0)","(460.0, 781.0)","(513.0, 557.0)","(546.0, 339.0)","(680.0, 165.0)","(890.0, 167.0)","(1008.0, 342.0)","(1074.0, 547.0)","(1210.0, 710.0)","(1429.0, 717.0)","(1574.0, 581.0)"
"(272.0, 893.0)","(453.0, 778.0)","(509.0, 554.0)","(544.0, 337.0)","(680.0, 165.0)","(891.0, 167.0)","(1009.0, 342.0)","(1076.5, 546.0)","(1213.0, 708.0)","(1432.0, 718.0)","(1579.0, 581.0)"
"(266.0, 890.0)","(447.0, 775.0)","(505.0, 551.0)","(542.0, 335.0)","(679.0, 164.0)","(891.0, 167.0)","(1010.0, 343.0)","(1076.0, 547.0)","(1212.5, 708.0)","(1433.0, 716.0)","(1582.0, 582.0)"
"(260.0, 887.0)","(440.0, 773.0)","(500.0, 548.0)","(539.0, 333.0)","(680.0, 164.0)","(891.0, 167.0)","(1009.0, 343.0)","(1076.0, 547.0)","(1214.0, 708.0)","(1433.0, 716.0)","(1585.0, 583.0)"
"(253.0, 884.0)","(435.0, 770.0)","(495.0, 545.0)","(538.0, 331.0)","(680.5, 162.0)","(890.0, 167.0)","(1010.5, 344.0)","(1080.0, 547.0)","(1219.0, 706.0)","(1438.0, 717.0)","(1591.0, 586.0)"
"(247.0, 880.0)","(430.0, 768.0)","(491.0, 542.0)","(536.0, 328.0)","(681.0, 162.0)","(890.0, 167.5)","(1013.0, 342.0)","(1084.0, 545.0)","(1223.5, 705.5)","(1443.0, 717.0)","(1599.0, 588.0)"
"(242.0, 879.0)","(424.0, 764.0)","(489.0, 540.0)","(534.0, 327.0)","(681.0, 162.0)","(892.0, 169.0)","(1013.0, 342.0)","(1086.0, 545.0)","(1226.0, 704.0)","(1446.5, 719.0)","(1604.0, 594.0)"
"(239.0, 878.0)","(418.0, 762.0)","(484.0, 537.0)","(533.0, 325.0)","(681.0, 162.0)","(892.0, 170.0)","(1014.5, 343.0)","(1090.0, 545.0)","(1233.0, 704.0)","(1452.0, 721.0)","(1613.0, 599.0)"
"(232.0, 877.0)","(410.0, 758.0)","(478.0, 535.0)","(530.0, 323.0)","(681.0, 160.5)","(893.0, 172.0)","(1017.0, 344.0)","(1096.0, 543.0)","(1237.0, 705.0)","(1458.5, 723.0)","(1620.0, 603.0)"
"(227.0, 874.0)","(403.0, 755.0)","(472.0, 532.0)","(528.0, 319.0)","(681.0, 161.0)","(893.0, 173.0)","(1019.0, 344.0)","(1099.0, 543.0)","(1239.0, 705.0)","(1459.0, 725.0)","(1624.0, 608.0)"
"(224.0, 873.0)","(398.0, 751.0)","(467.5, 528.0)","(526.0, 316.0)","(683.0, 159.0)","(892.0, 173.0)","(1018.0, 344.0)","(1099.0, 542.0)","(1240.0, 704.0)","(1462.5, 725.0)","(1629.0, 612.0)"
"(223.0, 872.0)","(396.5, 749.0)","(466.0, 526.0)","(524.0, 315.0)","(683.0, 160.0)","(893.0, 173.0)","(1020.0, 344.0)","(1102.0, 543.0)","(1244.0, 704.0)","(1465.0, 728.0)","(1633.0, 615.0)"
"(222.0, 871.0)","(395.5, 749.0)","(465.0, 524.0)","(523.5, 314.0)","(681.0, 158.0)","(893.0, 173.0)","(1020.0, 344.0)","(1102.0, 543.0)","(1243.0, 704.0)","(1465.0, 731.0)","(1634.0, 621.0)"
"(222.0, 870.0)","(395.0, 746.0)","(463.0, 521.0)","(522.5, 311.0)","(681.0, 156.0)","(893.0, 173.0)","(1019.0, 344.0)","(1100.0, 545.0)","(1241.0, 705.0)","(1464.0, 732.0)","(1635.0, 629.0)"
"(222.0, 869.0)","(392.0, 741.0)","(459.0, 517.0)","(520.0, 307.0)","(682.0, 154.0)","(894.0, 174.0)","(1019.0, 345.0)","(1100.0, 545.0)","(1239.0, 706.5)","(1461.0, 734.0)","(1638.0, 634.0)"
"(220.0, 868.0)","(389.5, 737.0)","(455.0, 512.0)","(518.0, 302.0)","(680.5, 152.0)","(894.0, 174.0)","(1019.0, 345.0)","(1100.0, 545.0)","(1239.0, 706.0)","(1461.0, 735.0)","(1641.0, 640.0)"
"(221.0, 867.0)","(387.0, 734.0)","(452.5, 506.0)","(516.0, 298.0)","(681.0, 150.0)","(893.0, 174.0)","(1018.5, 346.0)","(1100.0, 546.0)","(1240.0, 706.0)","(1461.0, 737.0)","(1646.0, 648.0)"
"(223.0, 867.0)","(386.0, 730.0)","(450.5, 506.0)","(515.5, 296.0)","(682.0, 150.0)","(893.0, 175.0)","(1019.0, 347.0)","(1100.0, 545.5)","(1242.0, 706.0)","(1463.0, 739.0)","(1650.0, 657.0)"
"(224.0, 868.0)","(386.0, 729.0)","(450.0, 506.0)","(515.5, 295.0)","(682.0, 149.0)","(893.0, 174.0)","(1021.0, 346.0)","(1103.0, 542.0)","(1244.0, 704.0)","(1466.0, 742.0)","(1659.0, 667.0)"
"(222.0, 868.0)","(387.0, 730.0)","(451.0, 507.0)","(516.0, 295.0)","(682.0, 148.5)","(893.0, 173.0)","(1021.5, 344.5)","(1106.0, 541.0)","(1249.0, 703.0)","(1469.0, 743.5)","(1666.0, 675.0)"
"(226.0, 868.0)","(387.0, 728.0)","(450.5, 504.0)","(515.5, 293.0)","(682.0, 148.0)","(893.5, 173.0)","(1023.0, 344.5)","(1110.0, 541.0)","(1252.0, 702.0)","(1472.0, 745.0)","(1671.0, 685.0)"
"(226.0, 868.0)","(387.0, 725.0)","(450.0, 501.0)","(515.5, 292.0)","(683.0, 146.5)","(894.0, 173.0)","(1025.0, 344.0)","(1114.0, 540.0)","(1255.0, 698.0)","(1477.0, 743.5)","(1677.5, 692.0)"
"(226.0, 866.5)","(386.0, 721.0)","(449.0, 498.0)","(515.5, 290.0)","(684.0, 144.5)","(896.0, 171.0)","(1027.0, 342.0)","(1116.0, 537.0)","(1258.0, 696.0)","(1482.0, 743.0)","(1683.0, 699.0)"
"(228.0, 867.0)","(384.0, 719.0)","(448.0, 495.0)","(515.5, 288.0)","(685.0, 143.5)","(898.0, 170.0)","(1029.0, 340.0)","(1120.0, 533.0)","(1263.0, 693.0)","(1486.0, 743.0)","(1689.0, 707.0)"
"(227.0, 870.0)","(383.5, 717.0)","(447.0, 494.0)","(515.5, 287.5)","(683.0, 143.0)","(898.0, 169.0)","(1032.0, 337.0)","(1124.0, 530.5)","(1270.0, 688.5)","(1494.0, 741.0)","(1696.0, 715.0)"
"(230.0, 869.0)","(384.0, 718.0)","(446.5, 490.0)","(515.5, 285.5)","(685.0, 143.0)","(900.0, 167.0)","(1034.0, 333.0)","(1128.0, 525.0)","(1274.0, 684.0)","(1496.0, 741.0)","(1703.0, 723.5)"
"(232.0, 870.0)","(383.0, 716.0)","(446.0, 488.5)","(516.5, 284.5)","(686.0, 142.0)","(900.0, 165.0)","(1037.5, 330.0)","(1133.5, 521.0)","(1279.0, 681.0)","(1496.0, 742.0)","(1706.0, 733.0)"
"(231.0, 871.0)","(383.0, 715.0)","(446.0, 489.0)","(516.5, 284.0)","(686.0, 142.0)","(900.0, 163.0)","(1040.0, 326.0)","(1138.0, 518.0)","(1283.0, 678.0)","(1500.0, 744.5)","(1710.0, 743.0)"
"(232.0, 872.0)","(383.0, 715.0)","(446.0, 489.0)","(516.0, 284.0)","(686.0, 141.5)","(900.0, 163.0)","(1042.0, 324.0)","(1142.0, 515.0)","(1287.0, 675.0)","(1506.0, 743.5)","(1714.0, 751.0)"
"(234.0, 871.0)","(383.0, 714.0)","(445.0, 490.0)","(517.0, 284.0)","(686.0, 140.0)","(901.0, 161.5)","(1044.0, 323.0)","(1145.0, 510.0)","(1289.0, 673.0)","(1506.0, 749.0)","(1712.0, 763.0)"
"(234.0, 873.0)","(383.0, 716.0)","(445.5, 490.0)","(517.0, 284.5)","(686.0, 140.0)","(901.0, 162.0)","(1046.0, 322.0)","(1148.0, 509.0)","(1290.0, 673.0)","(1504.0, 754.0)","(1712.0, 775.0)"
"(236.0, 874.5)","(383.0, 716.0)","(445.0, 490.0)","(517.0, 284.5)","(686.0, 141.5)","(901.0, 163.0)","(1046.5, 320.0)","(1151.0, 508.0)","(1295.0, 672.0)","(1507.0, 759.0)","(1713.0, 786.0)"
"(236.0, 875.0)","(383.0, 715.0)","(445.0, 489.0)","(517.0, 284.0)","(687.5, 141.5)","(902.0, 162.0)","(1050.0, 319.0)","(1156.0, 503.0)","(1300.0, 669.0)","(1508.0, 762.0)","(1714.0, 796.0)"
"(236.0, 875.0)","(383.0, 716.0)","(444.5, 489.0)","(517.0, 284.0)","(689.0, 142.0)","(904.0, 162.0)","(1053.0, 318.0)","(1159.0, 501.0)","(1302.0, 669.0)","(1509.0, 766.0)","(1714.0, 806.0)"
"(237.0, 875.0)","(383.0, 716.0)","(444.5, 489.0)","(519.0, 282.5)","(690.0, 142.5)","(904.0, 162.0)","(1056.0, 318.0)","(1163.0, 500.5)","(1305.0, 667.0)","(1511.0, 768.0)","(1716.0, 814.5)"
"(236.0, 874.0)","(382.0, 714.0)","(444.5, 488.0)","(519.0, 284.0)","(692.0, 144.0)","(906.0, 163.0)","(1058.5, 317.0)","(1169.0, 500.0)","(1312.0, 666.0)","(1518.0, 770.0)","(1719.0, 822.0)"
"(237.0, 875.0)","(382.0, 714.0)","(444.5, 487.0)","(521.0, 284.0)","(694.0, 145.0)","(909.0, 165.0)","(1064.0, 315.0)","(1177.0, 496.5)","(1321.0, 664.0)","(1525.0, 770.5)","(1722.0, 828.0)"
"(237.0, 873.0)","(382.0, 714.0)","(445.0, 488.0)","(522.5, 284.0)","(696.0, 146.0)","(912.0, 164.0)","(1068.0, 314.0)","(1182.0, 496.0)","(1323.0, 665.0)","(1529.0, 777.0)","(1723.5, 836.0)"
"(237.0, 873.0)","(381.0, 713.0)","(445.0, 487.0)","(524.5, 283.0)","(698.0, 147.0)","(913.0, 166.0)","(1070.0, 314.0)","(1184.5, 497.0)","(1327.0, 667.0)","(1528.0, 780.0)","(1722.5, 841.0)"
"(236.0, 874.0)","(380.5, 713.0)","(446.0, 488.0)","(525.5, 284.0)","(702.0, 148.0)","(916.0, 166.0)","(1072.0, 316.0)","(1185.0, 498.0)","(1328.0, 669.0)","(1527.0, 784.0)","(1723.0, 846.0)"
"(237.0, 873.0)","(380.0, 713.0)","(446.5, 490.0)","(527.0, 284.0)","(703.0, 148.0)","(918.0, 168.0)","(1073.0, 318.0)","(1186.0, 501.0)","(1327.0, 671.0)","(1525.0, 788.0)","(1721.0, 850.0)"
"(237.0, 873.0)","(380.0, 713.0)","(447.5, 490.0)","(529.0, 284.0)","(706.0, 149.5)","(919.0, 170.0)","(1075.0, 320.0)","(1186.0, 505.0)","(1327.0, 675.0)","(1526.0, 791.0)","(1721.0, 852.0)"
"(238.0, 873.0)","(380.0, 712.0)","(447.5, 488.0)","(529.0, 284.5)","(707.0, 150.0)","(920.0, 170.0)","(1074.0, 322.0)","(1185.0, 506.0)","(1324.0, 678.0)","(1524.0, 794.0)","(1719.0, 855.0)"
"(238.0, 873.0)","(380.0, 712.0)","(448.0, 488.0)","(529.0, 284.0)","(707.0, 149.5)","(920.0, 170.0)","(1073.5, 321.0)","(1183.0, 508.0)","(1323.0, 680.0)","(1524.0, 796.0)","(1717.0, 856.0)"
"(238.0, 873.0)","(380.5, 711.0)","(448.0, 488.0)","(529.0, 284.0)","(706.0, 150.0)","(920.0, 170.0)","(1073.0, 320.0)","(1183.0, 507.0)","(1324.0, 681.0)","(1524.0, 795.0)","(1717.0, 857.0)"
"(239.0, 874.0)","(381.0, 712.0)","(448.0, 488.0)","(529.5, 285.0)","(706.0, 149.5)","(920.5, 170.0)","(1076.0, 320.0)","(1186.0, 506.0)","(1327.0, 678.5)","(1526.0, 795.5)","(1717.0, 859.0)"
"(240.0, 874.0)","(382.0, 712.0)","(448.0, 487.0)","(529.5, 285.0)","(708.0, 149.5)","(920.5, 171.0)","(1076.0, 319.0)","(1187.0, 505.0)","(1326.0, 678.0)","(1526.0, 797.0)","(1716.0, 860.0)"
"(241.0, 875.0)","(383.0, 711.0)","(448.5, 488.0)","(529.5, 284.0)","(707.0, 149.5)","(921.0, 171.0)","(1075.0, 320.5)","(1184.0, 507.0)","(1323.0, 681.0)","(1521.0, 800.0)","(1713.0, 863.0)"
"(241.0, 876.0)","(382.0, 711.0)","(448.5, 488.0)","(529.0, 284.5)","(708.0, 149.0)","(921.0, 171.0)","(1074.0, 324.0)","(1181.0, 511.0)","(1319.0, 684.0)","(1518.0, 803.0)","(1711.0, 864.0)"
"(242.0, 876.0)","(382.0, 712.0)","(448.5, 487.0)","(529.5, 284.5)","(708.0, 149.5)","(921.0, 173.0)","(1072.5, 325.0)","(1179.0, 512.0)","(1317.0, 686.0)","(1516.0, 804.0)","(1709.0, 865.0)"
"(242.0, 876.0)","(382.0, 712.0)","(448.0, 487.0)","(529.5, 283.0)","(708.0, 149.0)","(920.0, 173.0)","(1072.0, 325.0)","(1178.0, 514.0)","(1315.0, 687.0)","(1513.0, 805.0)","(1707.0, 865.0)"
"(242.0, 877.0)","(382.0, 712.0)","(448.0, 488.0)","(529.5, 284.0)","(707.0, 149.5)","(920.0, 172.0)","(1072.0, 325.0)","(1178.0, 514.0)","(1315.0, 688.0)","(1512.0, 806.0)","(1706.0, 867.0)"
"(244.0, 877.0)","(383.0, 711.0)","(448.5, 487.0)","(530.0, 284.0)","(708.0, 149.0)","(920.0, 173.0)","(1071.0, 327.0)","(1176.0, 515.0)","(1311.0, 691.0)","(1507.5, 809.0)","(1703.0, 867.0)"
"(244.0, 877.0)","(382.0, 712.0)","(448.5, 486.0)","(530.5, 283.0)","(707.5, 149.5)","(921.0, 172.0)","(1068.0, 328.0)","(1171.0, 518.0)","(1306.0, 693.0)","(1501.0, 811.0)","(1699.0, 869.0)"
"(243.0, 878.0)","(382.0, 710.0)","(448.5, 486.0)","(530.5, 282.0)","(707.0, 149.5)","(920.5, 173.0)","(1068.0, 329.0)","(1169.0, 519.0)","(1302.0, 694.0)","(1497.5, 813.0)","(1698.0, 871.0)"
"(244.0, 878.0)","(382.0, 712.0)","(448.5, 486.0)","(530.0, 283.0)","(708.5, 149.5)","(921.0, 172.0)","(1067.0, 331.0)","(1167.0, 520.0)","(1299.0, 697.0)","(1494.5, 816.0)","(1694.0, 873.0)"
"(244.0, 878.0)","(382.0, 711.0)","(448.0, 486.0)","(531.0, 283.0)","(708.0, 148.5)","(921.0, 172.5)","(1066.0, 333.0)","(1164.0, 522.0)","(1295.0, 699.0)","(1494.0, 818.0)","(1692.0, 875.0)"
"(244.0, 878.0)","(382.0, 710.0)","(448.5, 485.5)","(531.0, 283.0)","(708.0, 148.0)","(921.0, 172.5)","(1066.0, 331.0)","(1164.0, 521.0)","(1294.0, 699.0)","(1493.0, 819.0)","(1690.0, 877.0)"
"(241.0, 879.0)","(382.0, 709.0)","(449.0, 485.0)","(531.0, 282.0)","(709.0, 147.0)","(922.0, 173.0)","(1065.0, 331.0)","(1163.0, 523.0)","(1291.0, 702.0)","(1493.0, 821.0)","(1687.0, 877.0)"
"(240.0, 877.0)","(379.0, 707.0)","(448.0, 484.0)","(530.0, 281.0)","(707.0, 147.0)","(921.0, 173.0)","(1065.0, 331.0)","(1162.0, 525.0)","(1290.0, 703.0)","(1490.0, 821.0)","(1685.0, 878.0)"
"(240.0, 876.0)","(379.0, 705.0)","(448.0, 482.0)","(529.0, 279.0)","(709.0, 146.0)","(921.0, 173.0)","(1063.0, 332.0)","(1161.0, 526.0)","(1289.0, 704.0)","(1488.0, 823.0)","(1683.0, 879.0)"
"(239.0, 875.0)","(378.0, 703.0)","(446.0, 481.0)","(529.0, 277.0)","(707.0, 145.0)","(921.0, 173.5)","(1062.5, 334.0)","(1158.0, 527.0)","(1286.0, 704.0)","(1482.0, 822.0)","(1680.0, 880.0)"
"(241.0, 872.0)","(375.0, 701.0)","(444.0, 476.5)","(529.0, 275.0)","(708.0, 143.0)","(921.0, 172.0)","(1061.0, 334.0)","(1157.0, 530.0)","(1282.0, 706.0)","(1477.0, 822.5)","(1678.0, 881.0)"
"(236.0, 871.0)","(373.0, 698.0)","(442.0, 475.0)","(528.5, 273.0)","(708.0, 143.0)","(921.0, 173.0)","(1061.0, 333.0)","(1156.0, 530.0)","(1281.0, 706.0)","(1474.0, 823.0)","(1678.0, 882.0)"
"(237.0, 870.0)","(370.0, 696.0)","(440.0, 471.5)","(527.0, 271.0)","(709.0, 142.0)","(921.0, 173.0)","(1061.0, 334.0)","(1152.0, 529.0)","(1278.0, 706.0)","(1470.0, 825.0)","(1671.0, 885.0)"
"(237.0, 870.0)","(365.0, 692.0)","(438.0, 469.0)","(527.0, 267.5)","(709.0, 140.0)","(921.0, 171.0)","(1059.5, 335.0)","(1152.0, 530.0)","(1275.0, 708.0)","(1465.0, 828.0)","(1666.0, 889.0)"
"(237.0, 868.0)","(362.0, 689.0)","(434.5, 466.0)","(526.0, 267.0)","(709.0, 139.0)","(921.0, 171.0)","(1058.0, 336.5)","(1150.0, 531.0)","(1272.5, 709.0)","(1462.0, 831.0)","(1664.0, 894.0)"
"(233.0, 869.0)","(361.0, 688.0)","(434.0, 466.0)","(525.0, 266.0)","(709.0, 139.0)","(920.0, 172.0)","(1058.0, 337.0)","(1150.0, 532.0)","(1273.0, 711.0)","(1462.0, 832.0)","(1664.0, 896.0)"
"(235.0, 869.0)","(361.0, 686.5)","(434.0, 465.0)","(525.0, 265.0)","(708.5, 139.0)","(921.0, 172.0)","(1058.0, 338.0)","(1150.0, 532.0)","(1273.0, 711.0)","(1461.0, 834.0)","(1662.0, 896.0)"
"(234.0, 869.0)","(360.0, 686.0)","(434.0, 465.0)","(525.0, 266.0)","(708.0, 139.0)","(920.0, 172.0)","(1058.0, 337.0)","(1150.0, 532.0)","(1272.5, 710.0)","(1461.0, 834.0)","(1664.0, 896.0)"
"(237.0, 869.0)","(361.0, 687.0)","(434.0, 465.0)","(525.0, 266.0)","(709.0, 139.0)","(920.0, 172.0)","(1058.0, 337.0)","(1150.0, 532.0)","(1272.5, 710.0)","(1461.0, 833.0)","(1664.0, 896.0)"
"(237.0, 870.0)","(361.0, 688.0)","(434.0, 464.0)","(525.0, 266.0)","(709.0, 139.0)","(921.0, 172.0)","(1058.0, 337.0)","(1149.0, 532.0)","(1272.5, 710.0)","(1461.0, 833.0)","(1663.0, 896.0)"
"(236.0, 869.0)","(361.0, 686.0)","(434.0, 465.0)","(525.0, 266.0)","(709.0, 139.0)","(921.0, 172.0)","(1058.0, 335.0)","(1149.0, 532.0)","(1273.0, 710.0)","(1461.0, 831.0)","(1663.0, 896.0)"
"(236.0, 869.0)","(359.5, 686.0)","(434.0, 463.0)","(525.0, 266.0)","(709.0, 139.0)","(921.0, 172.0)","(1058.0, 336.0)","(1149.0, 532.0)","(1273.0, 709.0)","(1462.0, 833.0)","(1662.5, 896.0)"
"(236.0, 870.0)","(359.5, 687.0)","(434.0, 464.0)","(525.0, 266.0)","(709.0, 139.0)","(921.0, 172.0)","(1058.0, 336.0)","(1150.0, 532.0)","(1272.0, 709.0)","(1461.0, 833.0)","(1662.5, 896.0)"
"(234.0, 869.0)","(360.5, 687.0)","(434.0, 465.0)","(525.0, 266.0)","(709.0, 139.0)","(921.0, 172.0)","(1058.0, 336.0)","(1150.0, 532.0)","(1272.0, 710.0)","(1461.0, 833.0)","(1662.0, 896.0)"
"(234.0, 869.0)","(360.5, 687.0)","(434.0, 464.0)","(526.0, 266.0)","(708.0, 139.0)","(921.0, 172.0)","(1058.0, 335.0)","(1150.0, 532.0)","(1272.0, 710.0)","(1461.0, 833.0)","(1661.5, 896.0)"
"(234.0, 869.0)","(360.0, 686.0)","(434.0, 464.0)","(526.5, 266.0)","(708.0, 139.0)","(920.0, 172.0)","(1058.0, 335.0)","(1150.0, 531.0)","(1272.0, 710.0)","(1461.0, 833.0)","(1664.0, 896.0)"
"(237.0, 868.0)","(359.0, 686.0)","(434.0, 464.5)","(526.5, 266.0)","(709.0, 139.0)","(920.0, 172.0)","(1058.0, 335.0)","(1150.0, 531.0)","(1272.0, 711.0)","(1461.0, 833.0)","(1663.0, 896.0)"
"(237.0, 869.0)","(359.0, 686.0)","(434.0, 465.0)","(526.5, 266.0)","(709.5, 139.0)","(920.0, 172.0)","(1058.0, 336.0)","(1150.0, 532.0)","(1272.0, 711.0)","(1461.0, 833.0)","(1663.0, 897.0)"
"(234.0, 870.0)","(359.0, 686.0)","(435.0, 465.0)","(526.5, 266.0)","(709.5, 139.0)","(920.0, 172.0)","(1058.0, 336.0)","(1150.0, 532.0)","(1272.0, 711.0)","(1461.0, 833.0)","(1663.0, 896.0)"
"(237.0, 869.0)","(359.0, 686.0)","(434.0, 465.0)","(525.0, 266.0)","(709.0, 139.0)","(920.0, 172.0)","(1058.0, 336.0)","(1150.0, 532.0)","(1272.0, 710.0)","(1461.0, 834.0)","(1662.0, 896.0)"
"(236.0, 869.0)","(359.0, 685.0)","(434.0, 465.0)","(525.5, 265.5)","(709.0, 139.0)","(920.0, 172.0)","(1058.0, 336.0)","(1150.0, 532.0)","(1272.0, 710.0)","(1461.0, 834.0)","(1662.0, 896.0)"
"(236.0, 869.0)","(359.0, 685.0)","(434.0, 466.0)","(526.0, 266.0)","(709.0, 139.0)","(920.0, 172.0)","(1058.0, 336.0)","(1150.0, 532.0)","(1272.0, 711.0)","(1460.5, 834.0)","(1663.0, 896.0)"
"(236.0, 869.0)","(359.0, 686.0)","(434.0, 467.0)","(526.0, 267.5)","(710.0, 139.0)","(920.0, 172.0)","(1058.0, 336.0)","(1150.0, 532.0)","(1272.0, 711.0)","(1461.0, 834.0)","(1663.0, 896.0)"
"(236.0, 869.5)","(358.5, 686.0)","(434.0, 466.0)","(526.0, 266.5)","(710.0, 139.0)","(920.0, 172.0)","(1058.0, 336.0)","(1150.0, 531.0)","(1273.0, 711.0)","(1461.0, 834.0)","(1663.0, 897.0)"
"(237.0, 870.0)","(358.0, 686.0)","(434.0, 465.0)","(526.0, 266.0)","(709.5, 139.0)","(920.0, 172.0)","(1058.0, 335.0)","(1150.0, 531.0)","(1273.0, 711.0)","(1460.0, 834.0)","(1662.0, 897.0)"
"(236.0, 870.0)","(358.0, 686.0)","(433.5, 466.0)","(526.0, 266.0)","(710.0, 139.0)","(920.0, 172.0)","(1058.0, 338.0)","(1150.0, 532.0)","(1272.0, 711.0)","(1461.0, 834.0)","(1661.0, 897.0)"
"(235.0, 871.0)","(358.0, 686.0)","(433.5, 466.0)","(525.0, 266.0)","(709.5, 139.0)","(921.0, 172.5)","(1058.0, 338.0)","(1150.0, 532.0)","(1272.0, 711.0)","(1462.0, 834.0)","(1661.0, 896.0)"
"(239.0, 872.0)","(358.0, 686.0)","(434.0, 465.0)","(526.0, 267.0)","(708.0, 139.5)","(921.0, 173.0)","(1058.0, 337.0)","(1150.0, 532.0)","(1273.0, 711.0)","(1461.0, 834.0)","(1662.0, 896.0)"
"(239.0, 872.0)","(358.0, 686.0)","(433.5, 465.0)","(525.5, 267.0)","(709.0, 140.0)","(922.0, 173.0)","(1057.5, 337.0)","(1150.0, 531.0)","(1272.0, 711.0)","(1462.0, 834.0)","(1662.0, 896.0)"
"(238.0, 873.0)","(357.0, 687.0)","(433.5, 465.0)","(526.0, 267.0)","(708.0, 140.0)","(921.0, 173.0)","(1057.5, 337.0)","(1150.0, 531.0)","(1272.0, 711.0)","(1461.0, 833.0)","(1661.0, 896.0)"
"(238.0, 872.0)","(357.0, 685.0)","(433.0, 465.0)","(526.0, 266.0)","(709.0, 140.0)","(921.0, 173.0)","(1057.5, 337.0)","(1150.0, 531.0)","(1272.0, 711.0)","(1462.0, 833.5)","(1661.0, 896.0)"
"(239.0, 872.0)","(358.0, 686.0)","(433.5, 465.0)","(525.5, 266.0)","(709.0, 140.0)","(921.0, 173.0)","(1058.0, 337.0)","(1150.0, 532.0)","(1273.0, 711.0)","(1462.0, 833.5)","(1662.0, 897.0)"
"(239.0, 873.0)","(358.0, 686.0)","(433.5, 465.0)","(525.5, 266.0)","(708.0, 140.0)","(921.0, 173.0)","(1058.0, 337.0)","(1150.0, 532.0)","(1273.0, 711.0)","(1462.0, 833.5)","(1662.0, 896.0)"
"(239.0, 873.0)","(358.0, 684.0)","(433.5, 464.0)","(525.0, 266.0)","(708.0, 140.0)","(921.0, 172.0)","(1058.0, 337.0)","(1150.0, 532.0)","(1273.0, 711.0)","(1462.0, 833.5)","(1662.0, 896.0)"
"(237.0, 873.0)","(358.0, 684.0)","(432.0, 464.0)","(525.0, 265.0)","(707.0, 140.0)","(921.0, 172.0)","(1058.0, 337.0)","(1150.0, 532.0)","(1272.0, 710.0)","(1462.0, 832.0)","(1662.0, 895.0)"
"(238.0, 872.0)","(358.0, 684.0)","(433.0, 465.0)","(526.0, 265.0)","(707.0, 140.0)","(921.0, 172.0)","(1057.5, 337.0)","(1149.0, 530.0)","(1272.0, 710.0)","(1462.0, 832.0)","(1662.0, 896.0)"
"(238.0, 872.0)","(357.0, 686.0)","(433.0, 463.0)","(525.0, 265.0)","(707.0, 139.0)","(921.0, 172.5)","(1058.0, 336.0)","(1150.0, 532.0)","(1271.0, 710.0)","(1462.0, 832.0)","(1661.5, 896.0)"
"(238.0, 872.0)","(357.0, 685.0)","(432.0, 464.5)","(525.0, 265.0)","(707.0, 139.0)","(922.0, 171.0)","(1058.0, 337.0)","(1150.0, 531.0)","(1272.0, 711.0)","(1462.0, 833.0)","(1662.0, 896.0)"
"(238.0, 873.0)","(357.0, 684.0)","(432.0, 465.0)","(525.5, 265.0)","(709.0, 140.0)","(921.0, 171.5)","(1058.0, 337.0)","(1151.0, 532.0)","(1272.0, 711.0)","(1463.0, 834.0)","(1662.0, 896.0)"
"(239.0, 872.0)","(357.0, 685.0)","(432.0, 466.0)","(525.0, 266.0)","(706.0, 140.0)","(920.0, 173.0)","(1057.0, 337.0)","(1150.0, 533.0)","(1272.0, 713.0)","(1462.0, 834.0)","(1663.0, 897.0)"
"(238.0, 873.0)","(357.0, 684.0)","(432.0, 465.0)","(525.0, 264.0)","(707.0, 139.0)","(922.0, 171.0)","(1057.0, 336.0)","(1150.5, 530.0)","(1272.0, 711.0)","(1462.0, 833.0)","(1663.0, 896.0)"
"(239.0, 872.0)","(357.0, 684.0)","(432.0, 466.0)","(526.0, 265.0)","(707.0, 139.5)","(922.0, 173.0)","(1058.0, 337.0)","(1150.0, 531.0)","(1272.0, 711.0)","(1462.0, 834.0)","(1663.0, 896.0)"
"(238.0, 872.0)","(357.0, 684.0)","(432.0, 465.0)","(525.0, 265.0)","(707.0, 139.5)","(921.0, 173.0)","(1058.0, 338.0)","(1150.0, 531.0)","(1271.0, 711.0)","(1462.0, 834.0)","(1662.0, 896.0)"
"(237.0, 872.0)","(357.0, 684.0)","(432.0, 465.0)","(525.0, 265.0)","(707.0, 139.5)","(921.0, 172.0)","(1058.0, 338.0)","(1150.0, 531.0)","(1271.0, 711.0)","(1462.0, 833.0)","(1662.0, 896.0)"
"(237.0, 872.0)","(357.0, 684.0)","(432.0, 465.0)","(526.0, 265.0)","(708.0, 139.0)","(921.0, 173.0)","(1058.0, 338.0)","(1150.0, 531.0)","(1271.0, 711.0)","(1462.0, 832.5)","(1663.0, 896.0)"
"(237.0, 872.0)","(357.0, 684.0)","(432.0, 464.0)","(525.0, 265.0)","(707.0, 138.0)","(922.0, 171.0)","(1058.0, 337.0)","(1150.0, 530.0)","(1272.0, 710.5)","(1462.0, 833.0)","(1664.0, 897.0)"
"(238.0, 872.0)","(357.0, 684.0)","(432.0, 464.0)","(525.5, 265.0)","(708.0, 139.0)","(921.0, 173.0)","(1058.0, 338.0)","(1150.0, 531.0)","(1271.0, 711.0)","(1462.0, 832.0)","(1662.0, 896.0)"
"(239.0, 872.0)","(357.0, 683.0)","(432.0, 465.0)","(526.0, 265.0)","(707.5, 139.0)","(921.0, 173.0)","(1057.5, 338.0)","(1150.0, 532.0)","(1270.0, 711.0)","(1462.0, 833.0)","(1662.0, 896.0)"
"(239.0, 872.0)","(356.0, 685.0)","(432.0, 464.0)","(525.5, 265.0)","(706.0, 139.0)","(922.0, 173.0)","(1058.0, 338.0)","(1150.0, 532.0)","(1270.0, 711.0)","(1461.0, 832.0)","(1661.0, 896.0)"
"(239.0, 872.0)","(356.0, 684.0)","(432.0, 465.0)","(526.0, 265.0)","(707.0, 139.0)","(921.0, 172.0)","(1057.5, 338.0)","(1150.0, 532.0)","(1271.0, 709.5)","(1462.0, 832.0)","(1661.0, 896.0)"
"(239.0, 871.0)","(356.0, 685.0)","(433.0, 465.0)","(526.0, 265.0)","(708.0, 139.0)","(921.5, 173.0)","(1058.0, 338.0)","(1150.0, 531.0)","(1271.0, 711.0)","(1461.0, 832.0)","(1661.0, 896.0)"
"(239.0, 872.0)","(356.0, 685.0)","(432.0, 465.0)","(526.0, 265.0)","(708.0, 139.0)","(921.5, 173.0)","(1057.5, 338.0)","(1150.0, 530.0)","(1271.0, 711.0)","(1460.5, 832.0)","(1662.0, 896.0)"
"(239.0, 872.0)","(356.0, 684.0)","(432.0, 465.0)","(525.5, 265.0)","(706.0, 139.0)","(921.5, 172.0)","(1057.5, 338.0)","(1150.0, 530.0)","(1271.5, 711.0)","(1460.5, 832.0)","(1661.0, 897.0)"
"(238.0, 872.0)","(356.0, 683.0)","(432.0, 465.0)","(526.0, 264.0)","(706.0, 139.0)","(921.0, 172.0)","(1057.5, 338.0)","(1150.0, 530.0)","(1271.5, 711.0)","(1461.0, 832.5)","(1662.0, 896.0)"
"(238.0, 872.0)","(356.0, 684.0)","(432.0, 465.0)","(525.5, 264.0)","(706.0, 139.0)","(921.0, 172.0)","(1057.5, 338.0)","(1150.0, 530.0)","(1271.0, 711.0)","(1461.0, 833.0)","(1662.0, 896.0)"
"(238.0, 872.0)","(356.0, 683.0)","(432.0, 465.0)","(525.5, 265.0)","(706.0, 139.0)","(921.0, 172.0)","(1057.5, 338.0)","(1150.0, 530.0)","(1271.0, 711.0)","(1461.0, 834.0)","(1661.0, 895.0)"
"(234.5, 872.0)","(356.0, 683.0)","(432.0, 464.0)","(525.0, 265.0)","(708.0, 139.0)","(922.0, 172.0)","(1058.0, 337.0)","(1149.5, 531.0)","(1272.0, 710.5)","(1461.0, 834.0)","(1662.5, 896.0)"
"(234.0, 872.0)","(355.0, 684.0)","(431.5, 464.0)","(525.0, 265.0)","(708.0, 139.0)","(921.0, 172.0)","(1058.0, 337.0)","(1150.0, 531.0)","(1272.0, 711.0)","(1461.0, 834.0)","(1661.0, 896.0)"
"(235.0, 873.0)","(355.0, 683.0)","(431.0, 463.0)","(525.0, 265.0)","(707.0, 139.0)","(922.5, 172.0)","(1058.0, 337.0)","(1149.5, 531.0)","(1272.0, 710.0)","(1461.0, 834.0)","(1661.0, 896.0)"
"(235.0, 873.0)","(355.0, 683.0)","(430.5, 464.0)","(525.0, 264.5)","(709.0, 139.0)","(921.0, 173.0)","(1057.5, 337.0)","(1149.5, 531.5)","(1272.0, 711.0)","(1461.0, 834.0)","(1661.0, 896.0)"
"(235.0, 873.0)","(354.0, 683.0)","(431.0, 463.0)","(525.0, 265.0)","(707.0, 139.0)","(922.0, 173.0)","(1058.0, 336.0)","(1149.5, 531.0)","(1272.0, 711.0)","(1461.0, 834.0)","(1661.0, 896.0)"
"(233.5, 872.0)","(355.0, 683.0)","(430.5, 463.0)","(525.0, 264.5)","(708.0, 139.0)","(921.0, 173.0)","(1057.5, 336.0)","(1149.0, 531.0)","(1272.0, 710.0)","(1461.0, 833.0)","(1662.0, 896.0)"
"(234.0, 873.0)","(354.0, 684.0)","(430.5, 463.0)","(525.5, 263.0)","(708.0, 139.0)","(921.0, 172.5)","(1058.0, 336.0)","(1149.5, 532.0)","(1272.0, 711.0)","(1461.0, 833.0)","(1661.0, 896.0)"
"(235.0, 873.0)","(354.0, 684.0)","(430.5, 463.0)","(525.0, 263.5)","(708.0, 139.0)","(921.0, 172.0)","(1057.5, 336.0)","(1150.0, 531.0)","(1272.0, 709.0)","(1461.0, 833.0)","(1661.5, 896.0)"
"(234.0, 872.0)","(354.0, 684.0)","(431.0, 463.0)","(525.0, 263.0)","(707.0, 138.5)","(921.0, 171.0)","(1058.0, 336.0)","(1150.0, 531.0)","(1272.0, 710.0)","(1461.0, 833.0)","(1662.5, 896.0)"
"(238.0, 869.0)","(354.0, 679.0)","(430.0, 458.0)","(526.0, 261.0)","(708.0, 136.5)","(921.0, 168.0)","(1058.0, 335.0)","(1151.0, 528.0)",0,"(1463.0, 832.0)","(1665.0, 897.0)"
"(237.0, 875.0)","(354.0, 688.0)","(423.5, 487.0)","(525.0, 268.5)",0,"(922.0, 170.5)","(1057.0, 338.0)","(1148.0, 531.0)",0,0,0
"(237.0, 874.0)","(354.0, 685.0)","(427.0, 479.0)","(525.0, 264.0)",0,"(924.0, 173.0)","(1057.0, 337.5)","(1150.0, 531.0)",0,"(1462.0, 835.0)",0
"(237.0, 873.0)","(354.0, 683.0)","(437.5, 444.5)","(525.0, 264.0)","(708.0, 139.0)","(922.0, 173.0)","(1057.0, 337.0)","(1150.0, 531.0)",0,"(1461.0, 834.0)",0
"(239.0, 873.0)","(353.0, 683.0)","(430.0, 463.0)","(525.0, 264.0)","(710.0, 139.0)","(921.0, 171.5)","(1058.5, 337.0)","(1150.0, 531.0)","(1271.0, 711.0)","(1462.0, 834.0)","(1662.0, 896.0)"
"(238.0, 872.0)","(353.5, 682.0)","(430.0, 462.0)","(525.0, 263.0)","(709.0, 139.0)","(921.0, 171.5)","(1057.5, 337.0)","(1150.0, 531.0)","(1271.0, 711.0)","(1462.0, 833.0)","(1664.0, 897.0)"
"(239.0, 873.0)","(353.0, 685.0)","(430.0, 462.0)","(525.0, 264.0)","(707.0, 140.0)","(920.0, 173.0)","(1057.5, 338.0)","(1149.0, 532.0)","(1272.0, 713.0)","(1461.0, 834.0)","(1661.0, 896.0)"
"(239.0, 873.0)","(353.0, 683.0)","(430.0, 462.0)","(525.0, 264.0)","(707.0, 140.0)","(920.0, 173.0)","(1057.5, 338.0)","(1150.0, 533.0)","(1271.0, 712.0)","(1461.0, 834.0)","(1661.0, 896.0)"
"(238.0, 873.0)","(353.5, 684.0)","(430.0, 462.0)","(526.0, 264.0)","(708.0, 139.5)","(920.5, 173.0)","(1058.0, 337.0)","(1150.0, 533.0)","(1271.0, 711.0)","(1461.0, 835.0)","(1661.0, 896.0)"
"(238.0, 873.0)","(353.0, 685.0)","(430.0, 463.0)","(526.0, 265.0)","(709.0, 139.5)","(920.5, 173.0)","(1058.0, 337.0)","(1150.0, 533.0)","(1271.0, 713.0)","(1460.5, 835.0)","(1661.0, 897.0)"
"(237.0, 874.0)","(353.0, 685.5)","(430.0, 463.0)","(526.0, 265.0)","(708.0, 139.5)","(920.0, 173.0)","(1058.0, 337.0)","(1149.0, 532.0)","(1270.0, 712.0)","(1461.0, 835.0)","(1661.5, 896.0)"
"(237.0, 873.0)","(353.0, 686.0)","(430.0, 463.0)","(526.0, 265.0)","(707.0, 139.5)","(921.0, 173.0)","(1058.0, 337.0)","(1150.0, 532.0)","(1270.0, 713.0)","(1461.0, 835.0)","(1661.0, 895.0)"
"(238.0, 873.0)","(353.0, 685.0)","(430.0, 463.0)","(526.0, 265.0)","(708.0, 139.5)","(921.0, 173.0)","(1058.0, 337.0)","(1150.0, 532.0)","(1271.0, 712.0)","(1461.0, 835.0)","(1661.0, 896.0)"
"(236.0, 873.0)","(353.0, 686.0)","(430.0, 463.0)","(526.0, 265.0)","(708.0, 139.5)","(921.0, 173.0)","(1058.0, 337.0)","(1150.0, 533.0)","(1271.0, 712.0)","(1461.0, 835.0)","(1661.0, 896.0)"
"(236.0, 873.0)","(353.0, 684.0)","(430.0, 462.0)","(526.0, 265.0)","(708.0, 139.5)","(922.0, 173.0)","(1058.0, 337.0)","(1149.0, 532.0)","(1271.0, 712.0)","(1461.0, 834.0)","(1661.0, 896.0)"
"(237.0, 873.0)","(353.0, 684.0)","(430.0, 463.0)","(525.5, 265.0)","(708.0, 140.0)","(922.0, 173.0)","(1058.0, 338.0)","(1149.0, 532.0)","(1271.0, 712.0)","(1461.0, 834.0)","(1661.0, 896.0)"
"(238.0, 873.0)","(353.0, 683.0)","(430.0, 463.0)","(525.0, 265.0)","(708.0, 140.0)","(922.0, 173.0)","(1058.0, 337.0)","(1149.0, 532.0)","(1272.0, 713.0)","(1460.0, 834.0)","(1661.0, 896.0)"
"(236.0, 873.0)","(353.0, 685.0)","(430.0, 462.5)","(525.0, 265.0)","(708.0, 140.0)","(922.0, 173.0)","(1058.0, 338.0)","(1149.0, 532.0)","(1271.0, 713.0)","(1460.5, 834.0)","(1661.0, 896.0)"
"(237.0, 873.0)","(353.0, 685.0)","(430.0, 463.0)","(525.0, 265.0)","(708.0, 140.0)","(920.0, 173.0)","(1058.0, 338.0)","(1149.0, 532.0)","(1271.0, 712.0)","(1460.0, 834.0)","(1661.0, 896.0)"
"(237.0, 873.0)","(353.0, 685.0)","(430.0, 462.0)","(525.0, 265.0)","(709.0, 140.0)","(920.0, 173.0)","(1058.0, 338.0)","(1149.0, 533.0)","(1270.0, 712.0)","(1460.0, 834.0)","(1661.0, 896.0)"
"(237.0, 873.0)","(353.0, 685.0)","(430.0, 462.0)","(525.0, 265.0)","(708.0, 140.0)","(921.0, 173.0)","(1058.0, 338.0)","(1149.0, 533.0)","(1271.0, 713.5)","(1460.0, 834.0)","(1661.0, 897.0)"
"(238.0, 873.0)","(353.0, 685.0)","(430.0, 463.0)","(525.0, 265.0)","(708.0, 140.0)","(920.0, 173.0)","(1058.0, 338.0)","(1149.0, 533.0)","(1271.0, 713.5)","(1461.0, 833.0)","(1661.0, 898.0)"
"(239.0, 873.0)","(353.0, 684.0)","(430.0, 464.0)","(525.0, 264.0)","(708.0, 140.0)","(921.5, 173.0)","(1057.0, 338.0)","(1149.0, 533.0)","(1271.0, 714.0)","(1460.5, 834.0)","(1662.0, 896.0)"
"(238.0, 873.0)","(353.0, 682.0)","(430.0, 463.0)","(525.0, 265.0)","(708.0, 140.0)","(922.0, 173.0)","(1057.5, 339.0)","(1149.0, 533.0)","(1271.0, 712.0)","(1460.0, 834.0)","(1662.0, 896.0)"
"(238.0, 873.0)","(353.0, 683.0)","(430.0, 463.0)","(525.0, 265.0)","(708.0, 140.0)","(921.5, 173.0)","(1057.5, 339.0)","(1149.0, 533.0)","(1272.0, 713.0)","(1460.5, 834.0)","(1661.5, 896.0)"
"(238.0, 873.0)","(353.0, 682.0)","(430.0, 463.0)","(525.0, 265.0)","(708.0, 140.0)","(921.0, 174.0)","(1057.0, 339.0)","(1150.0, 533.0)","(1271.0, 713.0)","(1460.0, 834.0)","(1661.5, 896.0)"
"(238.0, 873.0)","(353.0, 683.0)","(430.0, 463.0)","(525.0, 265.0)","(709.0, 140.0)","(922.0, 173.0)","(1057.0, 339.0)","(1149.0, 533.0)","(1271.0, 713.0)","(1460.0, 834.0)","(1661.0, 896.0)"
"(238.0, 873.0)","(353.0, 683.0)","(430.0, 462.0)","(525.0, 265.0)","(708.0, 140.0)","(922.0, 173.0)","(1057.0, 338.0)","(1148.0, 533.0)","(1271.0, 713.0)","(1461.0, 833.0)","(1661.5, 896.0)"
"(238.0, 873.0)","(352.0, 683.0)","(430.0, 463.0)","(525.0, 265.0)","(709.0, 140.0)","(922.0, 174.0)","(1057.0, 339.0)","(1149.0, 533.0)","(1271.0, 713.0)","(1461.0, 833.0)","(1662.0, 897.0)"
"(237.0, 873.0)","(353.0, 684.0)","(430.0, 463.0)","(525.0, 265.0)","(710.0, 140.0)","(922.0, 174.0)","(1057.0, 339.0)","(1149.0, 533.0)","(1271.0, 712.5)","(1461.0, 834.0)","(1662.0, 897.0)"
"(237.0, 873.5)","(353.0, 684.0)","(430.0, 464.0)","(525.0, 264.0)","(710.0, 140.0)","(922.0, 174.0)","(1058.0, 338.0)","(1149.0, 533.5)","(1273.0, 712.0)","(1461.0, 834.0)","(1661.5, 897.0)"
"(237.0, 873.5)","(354.0, 685.0)","(430.5, 463.0)","(525.0, 264.5)","(710.0, 140.0)","(922.0, 173.0)","(1058.0, 338.0)","(1149.0, 533.0)","(1273.0, 712.0)","(1462.0, 834.0)","(1662.0, 896.0)"
"(237.0, 873.5)","(353.0, 684.0)","(430.0, 461.0)","(525.0, 264.5)","(708.0, 140.0)","(923.0, 173.5)","(1057.0, 338.0)","(1150.0, 533.0)","(1272.0, 713.0)","(1462.0, 835.0)","(1662.5, 896.0)"
"(236.0, 874.0)","(353.0, 684.0)","(430.0, 462.0)","(525.0, 263.0)","(709.0, 140.0)","(923.0, 173.0)","(1057.0, 338.0)","(1149.0, 533.0)","(1273.0, 714.0)","(1462.0, 835.0)","(1662.0, 897.0)"
"(236.0, 873.0)","(353.0, 684.0)","(430.0, 464.0)","(525.0, 264.0)","(708.0, 140.0)","(922.0, 174.0)","(1057.0, 337.0)","(1149.0, 532.5)","(1272.0, 713.0)","(1463.0, 835.0)","(1661.5, 897.0)"
"(236.0, 873.0)","(353.0, 684.0)","(431.0, 462.0)","(525.0, 265.0)","(709.0, 140.0)","(923.5, 174.0)","(1057.0, 337.0)","(1151.0, 533.0)","(1272.0, 713.0)","(1463.0, 835.0)","(1662.0, 897.0)"
"(237.0, 873.5)","(353.5, 685.0)","(431.0, 463.0)","(525.0, 264.0)","(709.5, 140.0)","(923.0, 174.0)","(1058.0, 337.0)","(1150.0, 532.0)","(1272.0, 713.0)","(1462.0, 835.0)","(1663.5, 896.0)"
"(238.0, 873.0)","(357.0, 682.0)","(434.0, 462.0)","(529.0, 263.0)","(713.0, 139.0)","(925.0, 173.0)","(1060.0, 336.0)","(1154.0, 531.0)",0,"(1466.0, 834.0)","(1666.0, 897.0)"
"(237.0, 874.0)","(354.0, 685.0)","(430.0, 461.0)","(525.0, 265.0)","(708.0, 140.0)","(922.0, 174.0)","(1058.5, 338.0)","(1150.0, 532.5)","(1273.0, 713.0)","(1463.0, 834.0)","(1664.0, 896.0)"
